,f,fv,value
27937,0.690,0.995,2002.8999999999996
27938,0.690,1.000,1393.5
28134,0.695,0.975,1935.3999999999996
28135,0.695,0.980,1363.2999999999993
28136,0.695,0.985,1207.2999999999993
28137,0.695,0.990,1114.3999999999996
28138,0.695,0.995,1048.6000000000004
28139,0.695,1.000,997.8999999999996
28332,0.700,0.960,1379.2000000000007
28333,0.700,0.965,1201.8999999999996
28334,0.700,0.970,1102.1000000000004
28335,0.700,0.975,1033.0
28336,0.700,0.980,980.5
28337,0.700,0.985,938.2999999999993
28338,0.700,0.990,903.1000000000004
28339,0.700,0.995,873.1000000000004
28340,0.700,1.000,847.1000000000004
28529,0.705,0.940,1472.8999999999996
28530,0.705,0.945,1224.5
28531,0.705,0.950,1106.2999999999993
28532,0.705,0.955,1028.8999999999996
28533,0.705,0.960,971.7000000000007
28534,0.705,0.965,926.6000000000004
28535,0.705,0.970,889.5
28536,0.705,0.975,858.1000000000004
28537,0.705,0.980,831.0
28538,0.705,0.985,807.2999999999993
28539,0.705,0.990,786.2000000000007
28540,0.705,0.995,767.2000000000007
28541,0.705,1.000,750.0
28726,0.710,0.920,2205.7999999999993
28727,0.710,0.925,1297.5
28728,0.710,0.930,1133.7999999999993
28729,0.710,0.935,1039.1000000000004
28730,0.710,0.940,973.0
28731,0.710,0.945,922.5
28732,0.710,0.950,881.8999999999996
28733,0.710,0.955,848.1000000000004
28734,0.710,0.960,819.2000000000007
28735,0.710,0.965,794.1000000000004
28736,0.710,0.970,772.0
28737,0.710,0.975,752.2000000000007
28738,0.710,0.980,734.3999999999996
28739,0.710,0.985,718.2000000000007
28740,0.710,0.990,703.5
28741,0.710,0.995,689.8999999999996
28742,0.710,1.000,677.2999999999993
28924,0.715,0.905,1550.2999999999993
28925,0.715,0.910,1205.7000000000007
28926,0.715,0.915,1071.7000000000007
28927,0.715,0.920,988.3999999999996
28928,0.715,0.925,928.2999999999993
28929,0.715,0.930,881.7000000000007
28930,0.715,0.935,843.7999999999993
28931,0.715,0.940,812.1000000000004
28932,0.715,0.945,784.7999999999993
28933,0.715,0.950,761.1000000000004
28934,0.715,0.955,740.1000000000004
28935,0.715,0.960,721.2999999999993
28936,0.715,0.965,704.2999999999993
28937,0.715,0.970,688.8999999999996
28938,0.715,0.975,674.7999999999993
28939,0.715,0.980,661.7999999999993
28940,0.715,0.985,649.7999999999993
28941,0.715,0.990,638.6000000000004
28942,0.715,0.995,628.2999999999993
28943,0.715,1.000,618.5
29122,0.720,0.890,1428.3999999999996
29123,0.720,0.895,1149.6000000000004
29124,0.720,0.900,1027.0
29125,0.720,0.905,948.7000000000007
29126,0.720,0.910,891.6000000000004
29127,0.720,0.915,847.0
29128,0.720,0.920,810.7000000000007
29129,0.720,0.925,780.2000000000007
29130,0.720,0.930,753.8999999999996
29131,0.720,0.935,731.0
29132,0.720,0.940,710.7999999999993
29133,0.720,0.945,692.7000000000007
29134,0.720,0.950,676.2999999999993
29135,0.720,0.955,661.3999999999996
29136,0.720,0.960,647.7999999999993
29137,0.720,0.965,635.2999999999993
29138,0.720,0.970,623.7000000000007
29139,0.720,0.975,613.0
29140,0.720,0.980,603.0
29141,0.720,0.985,593.6000000000004
29142,0.720,0.990,584.7999999999993
29143,0.720,0.995,576.5
29144,0.720,1.000,568.7000000000007
29320,0.725,0.875,1397.2000000000007
29321,0.725,0.880,1117.2000000000007
29322,0.725,0.885,995.1000000000004
29323,0.725,0.890,917.5
29324,0.725,0.895,861.1000000000004
29325,0.725,0.900,817.2000000000007
29326,0.725,0.905,781.5
29327,0.725,0.910,751.5
29328,0.725,0.915,725.7999999999993
29329,0.725,0.920,703.3999999999996
29330,0.725,0.925,683.6000000000004
29331,0.725,0.930,665.8999999999996
29332,0.725,0.935,650.0
29333,0.725,0.940,635.5
29334,0.725,0.945,622.2000000000007
29335,0.725,0.950,610.1000000000004
29336,0.725,0.955,598.7999999999993
29337,0.725,0.960,588.3999999999996
29338,0.725,0.965,578.7000000000007
29339,0.725,0.970,569.6000000000004
29340,0.725,0.975,561.0
29341,0.725,0.980,553.0
29342,0.725,0.985,545.5
29343,0.725,0.990,538.2999999999993
29344,0.725,0.995,531.6000000000004
29345,0.725,1.000,525.2000000000007
29518,0.730,0.860,1454.8999999999996
29519,0.730,0.865,1106.2999999999993
29520,0.730,0.870,974.7000000000007
29521,0.730,0.875,893.7999999999993
29522,0.730,0.880,836.0
29523,0.730,0.885,791.5
29524,0.730,0.890,755.5
29525,0.730,0.895,725.5
29526,0.730,0.900,699.8999999999996
29527,0.730,0.905,677.6000000000004
29528,0.730,0.910,658.0
29529,0.730,0.915,640.6000000000004
29530,0.730,0.920,624.8999999999996
29531,0.730,0.925,610.6000000000004
29532,0.730,0.930,597.7000000000007
29533,0.730,0.935,585.7000000000007
29534,0.730,0.940,574.7000000000007
29535,0.730,0.945,564.5
29536,0.730,0.950,555.1000000000004
29537,0.730,0.955,546.2000000000007
29538,0.730,0.960,537.8999999999996
29539,0.730,0.965,530.1000000000004
29540,0.730,0.970,522.7999999999993
29541,0.730,0.975,515.8999999999996
29542,0.730,0.980,509.2999999999993
29543,0.730,0.985,503.10000000000036
29544,0.730,0.990,497.2000000000007
29545,0.730,0.995,491.60000000000036
29546,0.730,1.000,486.2000000000007
29716,0.735,0.845,2015.2000000000007
29717,0.735,0.850,1123.7000000000007
29718,0.735,0.855,966.7999999999993
29719,0.735,0.860,877.5
29720,0.735,0.865,815.8999999999996
29721,0.735,0.870,769.2999999999993
29722,0.735,0.875,732.2999999999993
29723,0.735,0.880,701.7000000000007
29724,0.735,0.885,675.7000000000007
29725,0.735,0.890,653.2999999999993
29726,0.735,0.895,633.7000000000007
29727,0.735,0.900,616.2999999999993
29728,0.735,0.905,600.7000000000007
29729,0.735,0.910,586.6000000000004
29730,0.735,0.915,573.7999999999993
29731,0.735,0.920,562.1000000000004
29732,0.735,0.925,551.2000000000007
29733,0.735,0.930,541.2999999999993
29734,0.735,0.935,532.0
29735,0.735,0.940,523.2999999999993
29736,0.735,0.945,515.2000000000007
29737,0.735,0.950,507.60000000000036
29738,0.735,0.955,500.5
29739,0.735,0.960,493.7000000000007
29740,0.735,0.965,487.39999999999964
29741,0.735,0.970,481.2999999999993
29742,0.735,0.975,475.60000000000036
29743,0.735,0.980,470.2000000000007
29744,0.735,0.985,465.0
29745,0.735,0.990,460.0
29746,0.735,0.995,455.2999999999993
29747,0.735,1.000,450.7999999999993
29915,0.740,0.835,1198.3999999999996
29916,0.740,0.840,976.2000000000007
29917,0.740,0.845,869.8999999999996
29918,0.740,0.850,801.1000000000004
29919,0.740,0.855,750.7999999999993
29920,0.740,0.860,711.6000000000004
29921,0.740,0.865,679.7000000000007
29922,0.740,0.870,653.0
29923,0.740,0.875,630.2000000000007
29924,0.740,0.880,610.2999999999993
29925,0.740,0.885,592.7999999999993
29926,0.740,0.890,577.2000000000007
29927,0.740,0.895,563.1000000000004
29928,0.740,0.900,550.3999999999996
29929,0.740,0.905,538.7999999999993
29930,0.740,0.910,528.1000000000004
29931,0.740,0.915,518.2000000000007
29932,0.740,0.920,509.10000000000036
29933,0.740,0.925,500.60000000000036
29934,0.740,0.930,492.7000000000007
29935,0.740,0.935,485.2999999999993
29936,0.740,0.940,478.2999999999993
29937,0.740,0.945,471.7999999999993
29938,0.740,0.950,465.60000000000036
29939,0.740,0.955,459.7000000000007
29940,0.740,0.960,454.2000000000007
29941,0.740,0.965,448.89999999999964
29942,0.740,0.970,443.89999999999964
29943,0.740,0.975,439.10000000000036
29944,0.740,0.980,434.5
29945,0.740,0.985,430.10000000000036
29946,0.740,0.990,426.0
29947,0.740,0.995,422.0
29948,0.740,1.000,418.10000000000036
30113,0.745,0.820,1597.7999999999993
30114,0.745,0.825,1018.2000000000007
30115,0.745,0.830,875.0
30116,0.745,0.835,792.7999999999993
30117,0.745,0.840,736.1000000000004
30118,0.745,0.845,693.3999999999996
30119,0.745,0.850,659.5
30120,0.745,0.855,631.5
30121,0.745,0.860,607.8999999999996
30122,0.745,0.865,587.5
30123,0.745,0.870,569.7000000000007
30124,0.745,0.875,554.0
30125,0.745,0.880,539.8999999999996
30126,0.745,0.885,527.1000000000004
30127,0.745,0.890,515.6000000000004
30128,0.745,0.895,505.0
30129,0.745,0.900,495.2999999999993
30130,0.745,0.905,486.2999999999993
30131,0.745,0.910,478.0
30132,0.745,0.915,470.2000000000007
30133,0.745,0.920,463.0
30134,0.745,0.925,456.2000000000007
30135,0.745,0.930,449.7999999999993
30136,0.745,0.935,443.7999999999993
30137,0.745,0.940,438.10000000000036
30138,0.745,0.945,432.7000000000007
30139,0.745,0.950,427.60000000000036
30140,0.745,0.955,422.7000000000007
30141,0.745,0.960,418.10000000000036
30142,0.745,0.965,413.7000000000007
30143,0.745,0.970,409.5
30144,0.745,0.975,405.5
30145,0.745,0.980,401.60000000000036
30146,0.745,0.985,397.89999999999964
30147,0.745,0.990,394.2999999999993
30148,0.745,0.995,390.89999999999964
30149,0.745,1.000,387.60000000000036
30312,0.750,0.810,1162.6000000000004
30313,0.750,0.815,903.2999999999993
30314,0.750,0.820,794.1000000000004
30315,0.750,0.825,726.2000000000007
30316,0.750,0.830,677.8999999999996
30317,0.750,0.835,640.7000000000007
30318,0.750,0.840,610.7999999999993
30319,0.750,0.845,586.0
30320,0.750,0.850,565.0
30321,0.750,0.855,546.7000000000007
30322,0.750,0.860,530.7000000000007
30323,0.750,0.865,516.5
30324,0.750,0.870,503.7999999999993
30325,0.750,0.875,492.2000000000007
30326,0.750,0.880,481.7000000000007
30327,0.750,0.885,472.10000000000036
30328,0.750,0.890,463.2999999999993
30329,0.750,0.895,455.10000000000036
30330,0.750,0.900,447.5
30331,0.750,0.905,440.39999999999964
30332,0.750,0.910,433.7999999999993
30333,0.750,0.915,427.60000000000036
30334,0.750,0.920,421.7999999999993
30335,0.750,0.925,416.2999999999993
30336,0.750,0.930,411.0
30337,0.750,0.935,406.10000000000036
30338,0.750,0.940,401.39999999999964
30339,0.750,0.945,397.0
30340,0.750,0.950,392.7000000000007
30341,0.750,0.955,388.7000000000007
30342,0.750,0.960,384.7999999999993
30343,0.750,0.965,381.10000000000036
30344,0.750,0.970,377.5
30345,0.750,0.975,374.10000000000036
30346,0.750,0.980,370.89999999999964
30347,0.750,0.985,367.7000000000007
30348,0.750,0.990,364.7000000000007
30349,0.750,0.995,361.7999999999993
30350,0.750,1.000,359.0
30511,0.755,0.800,997.0
30512,0.755,0.805,813.1000000000004
30513,0.755,0.810,723.5
30514,0.755,0.815,665.5
30515,0.755,0.820,623.3999999999996
30516,0.755,0.825,590.7000000000007
30517,0.755,0.830,564.2999999999993
30518,0.755,0.835,542.2000000000007
30519,0.755,0.840,523.3999999999996
30520,0.755,0.845,507.0
30521,0.755,0.850,492.7000000000007
30522,0.755,0.855,479.89999999999964
30523,0.755,0.860,468.39999999999964
30524,0.755,0.865,458.0
30525,0.755,0.870,448.5
30526,0.755,0.875,439.7999999999993
30527,0.755,0.880,431.7999999999993
30528,0.755,0.885,424.39999999999964
30529,0.755,0.890,417.5
30530,0.755,0.895,411.10000000000036
30531,0.755,0.900,405.0
30532,0.755,0.905,399.39999999999964
30533,0.755,0.910,394.10000000000036
30534,0.755,0.915,389.0
30535,0.755,0.920,384.2999999999993
30536,0.755,0.925,379.7999999999993
30537,0.755,0.930,375.5
30538,0.755,0.935,371.5
30539,0.755,0.940,367.60000000000036
30540,0.755,0.945,363.89999999999964
30541,0.755,0.950,360.2999999999993
30542,0.755,0.955,357.0
30543,0.755,0.960,353.7000000000007
30544,0.755,0.965,350.60000000000036
30545,0.755,0.970,347.60000000000036
30546,0.755,0.975,344.7000000000007
30547,0.755,0.980,342.0
30548,0.755,0.985,339.2999999999993
30549,0.755,0.990,336.7000000000007
30550,0.755,0.995,334.2000000000007
30551,0.755,1.000,331.7999999999993
30710,0.760,0.790,881.3999999999996
30711,0.760,0.795,734.0
30712,0.760,0.800,657.7999999999993
30713,0.760,0.805,607.6000000000004
30714,0.760,0.810,570.7999999999993
30715,0.760,0.815,542.1000000000004
30716,0.760,0.820,518.7000000000007
30717,0.760,0.825,499.10000000000036
30718,0.760,0.830,482.39999999999964
30719,0.760,0.835,467.89999999999964
30720,0.760,0.840,455.0
30721,0.760,0.845,443.60000000000036
30722,0.760,0.850,433.2999999999993
30723,0.760,0.855,424.0
30724,0.760,0.860,415.5
30725,0.760,0.865,407.7000000000007
30726,0.760,0.870,400.5
30727,0.760,0.875,393.89999999999964
30728,0.760,0.880,387.7000000000007
30729,0.760,0.885,381.89999999999964
30730,0.760,0.890,376.39999999999964
30731,0.760,0.895,371.2999999999993
30732,0.760,0.900,366.5
30733,0.760,0.905,362.0
30734,0.760,0.910,357.7000000000007
30735,0.760,0.915,353.60000000000036
30736,0.760,0.920,349.7999999999993
30737,0.760,0.925,346.10000000000036
30738,0.760,0.930,342.60000000000036
30739,0.760,0.935,339.2000000000007
30740,0.760,0.940,336.0
30741,0.760,0.945,332.89999999999964
30742,0.760,0.950,330.0
30743,0.760,0.955,327.2000000000007
30744,0.760,0.960,324.39999999999964
30745,0.760,0.965,321.7999999999993
30746,0.760,0.970,319.2999999999993
30747,0.760,0.975,316.89999999999964
30748,0.760,0.980,314.5
30749,0.760,0.985,312.2999999999993
30750,0.760,0.990,310.10000000000036
30751,0.760,0.995,308.0
30752,0.760,1.000,305.89999999999964
30909,0.765,0.780,781.7999999999993
30910,0.765,0.785,658.7000000000007
30911,0.765,0.790,593.7000000000007
30912,0.765,0.795,550.5
30913,0.765,0.800,518.7000000000007
30914,0.765,0.805,493.7000000000007
30915,0.765,0.810,473.2999999999993
30916,0.765,0.815,456.2000000000007
30917,0.765,0.820,441.60000000000036
30918,0.765,0.825,428.7999999999993
30919,0.765,0.830,417.5
30920,0.765,0.835,407.39999999999964
30921,0.765,0.840,398.39999999999964
30922,0.765,0.845,390.10000000000036
30923,0.765,0.850,382.60000000000036
30924,0.765,0.855,375.7000000000007
30925,0.765,0.860,369.2999999999993
30926,0.765,0.865,363.39999999999964
30927,0.765,0.870,357.89999999999964
30928,0.765,0.875,352.7000000000007
30929,0.765,0.880,347.89999999999964
30930,0.765,0.885,343.2999999999993
30931,0.765,0.890,339.0
30932,0.765,0.895,335.0
30933,0.765,0.900,331.2000000000007
30934,0.765,0.905,327.5
30935,0.765,0.910,324.0
30936,0.765,0.915,320.7000000000007
30937,0.765,0.920,317.60000000000036
30938,0.765,0.925,314.60000000000036
30939,0.765,0.930,311.7000000000007
30940,0.765,0.935,309.0
30941,0.765,0.940,306.2999999999993
30942,0.765,0.945,303.7999999999993
30943,0.765,0.950,301.2999999999993
30944,0.765,0.955,299.0
30945,0.765,0.960,296.7000000000007
30946,0.765,0.965,294.5
30947,0.765,0.970,292.39999999999964
30948,0.765,0.975,290.39999999999964
30949,0.765,0.980,288.39999999999964
30950,0.765,0.985,286.5
30951,0.765,0.990,284.60000000000036
30952,0.765,0.995,282.7999999999993
30953,0.765,1.000,281.10000000000036
31108,0.770,0.770,683.5
31109,0.770,0.775,582.6000000000004
31110,0.770,0.780,528.8999999999996
31111,0.770,0.785,492.7999999999993
31112,0.770,0.790,466.0
31113,0.770,0.795,444.89999999999964
31114,0.770,0.800,427.60000000000036
31115,0.770,0.805,413.0
31116,0.770,0.810,400.39999999999964
31117,0.770,0.815,389.5
31118,0.770,0.820,379.7999999999993
31119,0.770,0.825,371.10000000000036
31120,0.770,0.830,363.2000000000007
31121,0.770,0.835,356.10000000000036
31122,0.770,0.840,349.60000000000036
31123,0.770,0.845,343.60000000000036
31124,0.770,0.850,338.0
31125,0.770,0.855,332.7999999999993
31126,0.770,0.860,328.0
31127,0.770,0.865,323.5
31128,0.770,0.870,319.2000000000007
31129,0.770,0.875,315.2999999999993
31130,0.770,0.880,311.5
31131,0.770,0.885,307.89999999999964
31132,0.770,0.890,304.60000000000036
31133,0.770,0.895,301.2999999999993
31134,0.770,0.900,298.2999999999993
31135,0.770,0.905,295.39999999999964
31136,0.770,0.910,292.60000000000036
31137,0.770,0.915,289.89999999999964
31138,0.770,0.920,287.39999999999964
31139,0.770,0.925,284.89999999999964
31140,0.770,0.930,282.60000000000036
31141,0.770,0.935,280.2999999999993
31142,0.770,0.940,278.2000000000007
31143,0.770,0.945,276.10000000000036
31144,0.770,0.950,274.10000000000036
31145,0.770,0.955,272.10000000000036
31146,0.770,0.960,270.2000000000007
31147,0.770,0.965,268.39999999999964
31148,0.770,0.970,266.60000000000036
31149,0.770,0.975,264.89999999999964
31150,0.770,0.980,263.2999999999993
31151,0.770,0.985,261.7000000000007
31152,0.770,0.990,260.10000000000036
31153,0.770,0.995,258.60000000000036
31154,0.770,1.000,257.2000000000007
31307,0.775,0.760,578.1000000000004
31308,0.775,0.765,503.60000000000036
31309,0.775,0.770,462.2000000000007
31310,0.775,0.775,433.7999999999993
31311,0.775,0.780,412.39999999999964
31312,0.775,0.785,395.39999999999964
31313,0.775,0.790,381.2999999999993
31314,0.775,0.795,369.2999999999993
31315,0.775,0.800,359.0
31316,0.775,0.805,349.89999999999964
31317,0.775,0.810,341.7999999999993
31318,0.775,0.815,334.5
31319,0.775,0.820,327.89999999999964
31320,0.775,0.825,321.89999999999964
31321,0.775,0.830,316.39999999999964
31322,0.775,0.835,311.2999999999993
31323,0.775,0.840,306.5
31324,0.775,0.845,302.10000000000036
31325,0.775,0.850,298.0
31326,0.775,0.855,294.2000000000007
31327,0.775,0.860,290.5
31328,0.775,0.865,287.10000000000036
31329,0.775,0.870,283.89999999999964
31330,0.775,0.875,280.7999999999993
31331,0.775,0.880,277.89999999999964
31332,0.775,0.885,275.10000000000036
31333,0.775,0.890,272.39999999999964
31334,0.775,0.895,269.89999999999964
31335,0.775,0.900,267.5
31336,0.775,0.905,265.2000000000007
31337,0.775,0.910,263.0
31338,0.775,0.915,260.7999999999993
31339,0.775,0.920,258.7999999999993
31340,0.775,0.925,256.7999999999993
31341,0.775,0.930,254.89999999999964
31342,0.775,0.935,253.10000000000036
31343,0.775,0.940,251.29999999999927
31344,0.775,0.945,249.60000000000036
31345,0.775,0.950,248.0
31346,0.775,0.955,246.39999999999964
31347,0.775,0.960,244.79999999999927
31348,0.775,0.965,243.29999999999927
31349,0.775,0.970,241.89999999999964
31350,0.775,0.975,240.5
31351,0.775,0.980,239.10000000000036
31352,0.775,0.985,237.79999999999927
31353,0.775,0.990,236.5
31354,0.775,0.995,235.20000000000073
31355,0.775,1.000,234.0
31506,0.780,0.750,469.0
31507,0.780,0.755,423.0
31508,0.780,0.760,394.7000000000007
31509,0.780,0.765,374.2999999999993
31510,0.780,0.770,358.5
31511,0.780,0.775,345.60000000000036
31512,0.780,0.780,334.7999999999993
31513,0.780,0.785,325.5
31514,0.780,0.790,317.2999999999993
31515,0.780,0.795,310.10000000000036
31516,0.780,0.800,303.7000000000007
31517,0.780,0.805,297.7999999999993
31518,0.780,0.810,292.5
31519,0.780,0.815,287.60000000000036
31520,0.780,0.820,283.10000000000036
31521,0.780,0.825,278.89999999999964
31522,0.780,0.830,275.0
31523,0.780,0.835,271.39999999999964
31524,0.780,0.840,267.89999999999964
31525,0.780,0.845,264.7000000000007
31526,0.780,0.850,261.7000000000007
31527,0.780,0.855,258.7999999999993
31528,0.780,0.860,256.10000000000036
31529,0.780,0.865,253.60000000000036
31530,0.780,0.870,251.10000000000036
31531,0.780,0.875,248.79999999999927
31532,0.780,0.880,246.5
31533,0.780,0.885,244.39999999999964
31534,0.780,0.890,242.29999999999927
31535,0.780,0.895,240.39999999999964
31536,0.780,0.900,238.5
31537,0.780,0.905,236.70000000000073
31538,0.780,0.910,234.89999999999964
31539,0.780,0.915,233.20000000000073
31540,0.780,0.920,231.60000000000036
31541,0.780,0.925,230.10000000000036
31542,0.780,0.930,228.5
31543,0.780,0.935,227.10000000000036
31544,0.780,0.940,225.70000000000073
31545,0.780,0.945,224.29999999999927
31546,0.780,0.950,223.0
31547,0.780,0.955,221.70000000000073
31548,0.780,0.960,220.39999999999964
31549,0.780,0.965,219.20000000000073
31550,0.780,0.970,218.0
31551,0.780,0.975,216.89999999999964
31552,0.780,0.980,215.70000000000073
31553,0.780,0.985,214.60000000000036
31554,0.780,0.990,213.60000000000036
31555,0.780,0.995,212.5
31556,0.780,1.000,211.5
31705,0.785,0.740,370.5
31706,0.785,0.745,346.5
31707,0.785,0.750,329.5
31708,0.785,0.755,316.2999999999993
31709,0.785,0.760,305.60000000000036
31710,0.785,0.765,296.60000000000036
31711,0.785,0.770,288.89999999999964
31712,0.785,0.775,282.10000000000036
31713,0.785,0.780,276.10000000000036
31714,0.785,0.785,270.7000000000007
31715,0.785,0.790,265.7999999999993
31716,0.785,0.795,261.2999999999993
31717,0.785,0.800,257.2000000000007
31718,0.785,0.805,253.39999999999964
31719,0.785,0.810,249.89999999999964
31720,0.785,0.815,246.60000000000036
31721,0.785,0.820,243.5
31722,0.785,0.825,240.60000000000036
31723,0.785,0.830,237.89999999999964
31724,0.785,0.835,235.39999999999964
31725,0.785,0.840,232.89999999999964
31726,0.785,0.845,230.60000000000036
31727,0.785,0.850,228.39999999999964
31728,0.785,0.855,226.29999999999927
31729,0.785,0.860,224.29999999999927
31730,0.785,0.865,222.39999999999964
31731,0.785,0.870,220.60000000000036
31732,0.785,0.875,218.79999999999927
31733,0.785,0.880,217.10000000000036
31734,0.785,0.885,215.5
31735,0.785,0.890,213.89999999999964
31736,0.785,0.895,212.39999999999964
31737,0.785,0.900,211.0
31738,0.785,0.905,209.60000000000036
31739,0.785,0.910,208.20000000000073
31740,0.785,0.915,206.89999999999964
31741,0.785,0.920,205.70000000000073
31742,0.785,0.925,204.39999999999964
31743,0.785,0.930,203.29999999999927
31744,0.785,0.935,202.10000000000036
31745,0.785,0.940,201.0
31746,0.785,0.945,199.89999999999964
31747,0.785,0.950,198.79999999999927
31748,0.785,0.955,197.79999999999927
31749,0.785,0.960,196.79999999999927
31750,0.785,0.965,195.79999999999927
31751,0.785,0.970,194.89999999999964
31752,0.785,0.975,194.0
31753,0.785,0.980,193.10000000000036
31754,0.785,0.985,192.20000000000073
31755,0.785,0.990,191.29999999999927
31756,0.785,0.995,190.5
31757,0.785,1.000,189.70000000000073
31905,0.790,0.735,279.39999999999964
31906,0.790,0.740,270.10000000000036
31907,0.790,0.745,262.39999999999964
31908,0.790,0.750,255.79999999999927
31909,0.790,0.755,250.0
31910,0.790,0.760,244.89999999999964
31911,0.790,0.765,240.29999999999927
31912,0.790,0.770,236.10000000000036
31913,0.790,0.775,232.29999999999927
31914,0.790,0.780,228.79999999999927
31915,0.790,0.785,225.60000000000036
31916,0.790,0.790,222.60000000000036
31917,0.790,0.795,219.79999999999927
31918,0.790,0.800,217.20000000000073
31919,0.790,0.805,214.79999999999927
31920,0.790,0.810,212.39999999999964
31921,0.790,0.815,210.29999999999927
31922,0.790,0.820,208.20000000000073
31923,0.790,0.825,206.20000000000073
31924,0.790,0.830,204.29999999999927
31925,0.790,0.835,202.5
31926,0.790,0.840,200.79999999999927
31927,0.790,0.845,199.20000000000073
31928,0.790,0.850,197.60000000000036
31929,0.790,0.855,196.10000000000036
31930,0.790,0.860,194.70000000000073
31931,0.790,0.865,193.29999999999927
31932,0.790,0.870,192.0
31933,0.790,0.875,190.70000000000073
31934,0.790,0.880,189.39999999999964
31935,0.790,0.885,188.20000000000073
31936,0.790,0.890,187.10000000000036
31937,0.790,0.895,185.89999999999964
31938,0.790,0.900,184.79999999999927
31939,0.790,0.905,183.79999999999927
31940,0.790,0.910,182.79999999999927
31941,0.790,0.915,181.79999999999927
31942,0.790,0.920,180.79999999999927
31943,0.790,0.925,179.89999999999964
31944,0.790,0.930,178.89999999999964
31945,0.790,0.935,178.10000000000036
31946,0.790,0.940,177.20000000000073
31947,0.790,0.945,176.39999999999964
31948,0.790,0.950,175.5
31949,0.790,0.955,174.70000000000073
31950,0.790,0.960,173.89999999999964
31951,0.790,0.965,173.20000000000073
31952,0.790,0.970,172.39999999999964
31953,0.790,0.975,171.70000000000073
31954,0.790,0.980,171.0
31955,0.790,0.985,170.29999999999927
31956,0.790,0.990,169.60000000000036
31957,0.790,0.995,169.0
31958,0.790,1.000,168.29999999999927
32104,0.795,0.725,223.29999999999927
32105,0.795,0.730,218.5
32106,0.795,0.735,214.29999999999927
32107,0.795,0.740,210.39999999999964
32108,0.795,0.745,207.0
32109,0.795,0.750,203.79999999999927
32110,0.795,0.755,200.89999999999964
32111,0.795,0.760,198.29999999999927
32112,0.795,0.765,195.79999999999927
32113,0.795,0.770,193.5
32114,0.795,0.775,191.29999999999927
32115,0.795,0.780,189.20000000000073
32116,0.795,0.785,187.29999999999927
32117,0.795,0.790,185.5
32118,0.795,0.795,183.70000000000073
32119,0.795,0.800,182.10000000000036
32120,0.795,0.805,180.5
32121,0.795,0.810,179.0
32122,0.795,0.815,177.60000000000036
32123,0.795,0.820,176.20000000000073
32124,0.795,0.825,174.89999999999964
32125,0.795,0.830,173.60000000000036
32126,0.795,0.835,172.39999999999964
32127,0.795,0.840,171.29999999999927
32128,0.795,0.845,170.10000000000036
32129,0.795,0.850,169.0
32130,0.795,0.855,168.0
32131,0.795,0.860,167.0
32132,0.795,0.865,166.0
32133,0.795,0.870,165.0
32134,0.795,0.875,164.10000000000036
32135,0.795,0.880,163.20000000000073
32136,0.795,0.885,162.39999999999964
32137,0.795,0.890,161.5
32138,0.795,0.895,160.70000000000073
32139,0.795,0.900,159.89999999999964
32140,0.795,0.905,159.10000000000036
32141,0.795,0.910,158.39999999999964
32142,0.795,0.915,157.60000000000036
32143,0.795,0.920,156.89999999999964
32144,0.795,0.925,156.20000000000073
32145,0.795,0.930,155.5
32146,0.795,0.935,154.89999999999964
32147,0.795,0.940,154.20000000000073
32148,0.795,0.945,153.60000000000036
32149,0.795,0.950,153.0
32150,0.795,0.955,152.39999999999964
32151,0.795,0.960,151.79999999999927
32152,0.795,0.965,151.20000000000073
32153,0.795,0.970,150.60000000000036
32154,0.795,0.975,150.10000000000036
32155,0.795,0.980,149.5
32156,0.795,0.985,149.0
32157,0.795,0.990,148.5
32158,0.795,0.995,147.89999999999964
32159,0.795,1.000,147.39999999999964
32304,0.800,0.720,174.60000000000036
32305,0.800,0.725,172.39999999999964
32306,0.800,0.730,170.29999999999927
32307,0.800,0.735,168.39999999999964
32308,0.800,0.740,166.5
32309,0.800,0.745,164.79999999999927
32310,0.800,0.750,163.20000000000073
32311,0.800,0.755,161.70000000000073
32312,0.800,0.760,160.20000000000073
32313,0.800,0.765,158.89999999999964
32314,0.800,0.770,157.60000000000036
32315,0.800,0.775,156.29999999999927
32316,0.800,0.780,155.10000000000036
32317,0.800,0.785,154.0
32318,0.800,0.790,152.89999999999964
32319,0.800,0.795,151.79999999999927
32320,0.800,0.800,150.79999999999927
32321,0.800,0.805,149.79999999999927
32322,0.800,0.810,148.89999999999964
32323,0.800,0.815,148.0
32324,0.800,0.820,147.10000000000036
32325,0.800,0.825,146.20000000000073
32326,0.800,0.830,145.39999999999964
32327,0.800,0.835,144.60000000000036
32328,0.800,0.840,143.79999999999927
32329,0.800,0.845,143.10000000000036
32330,0.800,0.850,142.39999999999964
32331,0.800,0.855,141.60000000000036
32332,0.800,0.860,141.0
32333,0.800,0.865,140.29999999999927
32334,0.800,0.870,139.60000000000036
32335,0.800,0.875,139.0
32336,0.800,0.880,138.39999999999964
32337,0.800,0.885,137.79999999999927
32338,0.800,0.890,137.20000000000073
32339,0.800,0.895,136.60000000000036
32340,0.800,0.900,136.0
32341,0.800,0.905,135.5
32342,0.800,0.910,135.0
32343,0.800,0.915,134.39999999999964
32344,0.800,0.920,133.89999999999964
32345,0.800,0.925,133.39999999999964
32346,0.800,0.930,132.89999999999964
32347,0.800,0.935,132.5
32348,0.800,0.940,132.0
32349,0.800,0.945,131.5
32350,0.800,0.950,131.10000000000036
32351,0.800,0.955,130.60000000000036
32352,0.800,0.960,130.20000000000073
32353,0.800,0.965,129.79999999999927
32354,0.800,0.970,129.29999999999927
32355,0.800,0.975,128.89999999999964
32356,0.800,0.980,128.5
32357,0.800,0.985,128.10000000000036
32358,0.800,0.990,127.70000000000073
32359,0.800,0.995,127.39999999999964
32360,0.800,1.000,127.0
32503,0.805,0.710,137.39999999999964
32504,0.805,0.715,136.29999999999927
32505,0.805,0.720,135.20000000000073
32506,0.805,0.725,134.20000000000073
32507,0.805,0.730,133.20000000000073
32508,0.805,0.735,132.20000000000073
32509,0.805,0.740,131.29999999999927
32510,0.805,0.745,130.39999999999964
32511,0.805,0.750,129.60000000000036
32512,0.805,0.755,128.79999999999927
32513,0.805,0.760,128.0
32514,0.805,0.765,127.20000000000073
32515,0.805,0.770,126.5
32516,0.805,0.775,125.79999999999927
32517,0.805,0.780,125.10000000000036
32518,0.805,0.785,124.5
32519,0.805,0.790,123.79999999999927
32520,0.805,0.795,123.20000000000073
32521,0.805,0.800,122.60000000000036
32522,0.805,0.805,122.0
32523,0.805,0.810,121.39999999999964
32524,0.805,0.815,120.89999999999964
32525,0.805,0.820,120.29999999999927
32526,0.805,0.825,119.79999999999927
32527,0.805,0.830,119.29999999999927
32528,0.805,0.835,118.79999999999927
32529,0.805,0.840,118.29999999999927
32530,0.805,0.845,117.79999999999927
32531,0.805,0.850,117.39999999999964
32532,0.805,0.855,116.89999999999964
32533,0.805,0.860,116.5
32534,0.805,0.865,116.0
32535,0.805,0.870,115.60000000000036
32536,0.805,0.875,115.20000000000073
32537,0.805,0.880,114.79999999999927
32538,0.805,0.885,114.39999999999964
32539,0.805,0.890,114.0
32540,0.805,0.895,113.60000000000036
32541,0.805,0.900,113.20000000000073
32542,0.805,0.905,112.79999999999927
32543,0.805,0.910,112.5
32544,0.805,0.915,112.10000000000036
32545,0.805,0.920,111.79999999999927
32546,0.805,0.925,111.39999999999964
32547,0.805,0.930,111.10000000000036
32548,0.805,0.935,110.79999999999927
32549,0.805,0.940,110.39999999999964
32550,0.805,0.945,110.10000000000036
32551,0.805,0.950,109.79999999999927
32552,0.805,0.955,109.5
32553,0.805,0.960,109.20000000000073
32554,0.805,0.965,108.89999999999964
32555,0.805,0.970,108.60000000000036
32556,0.805,0.975,108.29999999999927
32557,0.805,0.980,108.0
32558,0.805,0.985,107.70000000000073
32559,0.805,0.990,107.5
32560,0.805,0.995,107.20000000000073
32561,0.805,1.000,106.89999999999964
32703,0.810,0.705,105.0
32704,0.810,0.710,104.5
32705,0.810,0.715,104.0
32706,0.810,0.720,103.5
32707,0.810,0.725,103.0
32708,0.810,0.730,102.5
32709,0.810,0.735,102.0
32710,0.810,0.740,101.60000000000036
32711,0.810,0.745,101.10000000000036
32712,0.810,0.750,100.70000000000073
32713,0.810,0.755,100.29999999999927
32714,0.810,0.760,99.89999999999964
32715,0.810,0.765,99.5
32716,0.810,0.770,99.10000000000036
32717,0.810,0.775,98.70000000000073
32718,0.810,0.780,98.29999999999927
32719,0.810,0.785,98.0
32720,0.810,0.790,97.60000000000036
32721,0.810,0.795,97.29999999999927
32722,0.810,0.800,96.89999999999964
32723,0.810,0.805,96.60000000000036
32724,0.810,0.810,96.29999999999927
32725,0.810,0.815,95.89999999999964
32726,0.810,0.820,95.60000000000036
32727,0.810,0.825,95.29999999999927
32728,0.810,0.830,95.0
32729,0.810,0.835,94.70000000000073
32730,0.810,0.840,94.39999999999964
32731,0.810,0.845,94.20000000000073
32732,0.810,0.850,93.89999999999964
32733,0.810,0.855,93.60000000000036
32734,0.810,0.860,93.29999999999927
32735,0.810,0.865,93.10000000000036
32736,0.810,0.870,92.79999999999927
32737,0.810,0.875,92.5
32738,0.810,0.880,92.29999999999927
32739,0.810,0.885,92.0
32740,0.810,0.890,91.79999999999927
32741,0.810,0.895,91.60000000000036
32742,0.810,0.900,91.29999999999927
32743,0.810,0.905,91.10000000000036
32744,0.810,0.910,90.89999999999964
32745,0.810,0.915,90.60000000000036
32746,0.810,0.920,90.39999999999964
32747,0.810,0.925,90.20000000000073
32748,0.810,0.930,90.0
32749,0.810,0.935,89.79999999999927
32750,0.810,0.940,89.60000000000036
32751,0.810,0.945,89.29999999999927
32752,0.810,0.950,89.10000000000036
32753,0.810,0.955,88.89999999999964
32754,0.810,0.960,88.70000000000073
32755,0.810,0.965,88.5
32756,0.810,0.970,88.39999999999964
32757,0.810,0.975,88.20000000000073
32758,0.810,0.980,88.0
32759,0.810,0.985,87.79999999999927
32760,0.810,0.990,87.60000000000036
32761,0.810,0.995,87.39999999999964
32762,0.810,1.000,87.20000000000073
32903,0.815,0.700,77.5
32904,0.815,0.705,77.29999999999927
32905,0.815,0.710,77.0
32906,0.815,0.715,76.79999999999927
32907,0.815,0.720,76.60000000000036
32908,0.815,0.725,76.29999999999927
32909,0.815,0.730,76.10000000000036
32910,0.815,0.735,75.89999999999964
32911,0.815,0.740,75.70000000000073
32912,0.815,0.745,75.5
32913,0.815,0.750,75.29999999999927
32914,0.815,0.755,75.10000000000036
32915,0.815,0.760,74.89999999999964
32916,0.815,0.765,74.70000000000073
32917,0.815,0.770,74.5
32918,0.815,0.775,74.29999999999927
32919,0.815,0.780,74.10000000000036
32920,0.815,0.785,73.89999999999964
32921,0.815,0.790,73.70000000000073
32922,0.815,0.795,73.5
32923,0.815,0.800,73.39999999999964
32924,0.815,0.805,73.20000000000073
32925,0.815,0.810,73.0
32926,0.815,0.815,72.89999999999964
32927,0.815,0.820,72.70000000000073
32928,0.815,0.825,72.5
32929,0.815,0.830,72.39999999999964
32930,0.815,0.835,72.20000000000073
32931,0.815,0.840,72.0
32932,0.815,0.845,71.89999999999964
32933,0.815,0.850,71.70000000000073
32934,0.815,0.855,71.60000000000036
32935,0.815,0.860,71.39999999999964
32936,0.815,0.865,71.29999999999927
32937,0.815,0.870,71.20000000000073
32938,0.815,0.875,71.0
32939,0.815,0.880,70.89999999999964
32940,0.815,0.885,70.70000000000073
32941,0.815,0.890,70.60000000000036
32942,0.815,0.895,70.5
32943,0.815,0.900,70.29999999999927
32944,0.815,0.905,70.20000000000073
32945,0.815,0.910,70.10000000000036
32946,0.815,0.915,69.89999999999964
32947,0.815,0.920,69.79999999999927
32948,0.815,0.925,69.70000000000073
32949,0.815,0.930,69.5
32950,0.815,0.935,69.39999999999964
32951,0.815,0.940,69.29999999999927
32952,0.815,0.945,69.20000000000073
32953,0.815,0.950,69.10000000000036
32954,0.815,0.955,68.89999999999964
32955,0.815,0.960,68.79999999999927
32956,0.815,0.965,68.70000000000073
32957,0.815,0.970,68.60000000000036
32958,0.815,0.975,68.5
32959,0.815,0.980,68.39999999999964
32960,0.815,0.985,68.20000000000073
32961,0.815,0.990,68.10000000000036
32962,0.815,0.995,68.0
32963,0.815,1.000,67.89999999999964
33102,0.820,0.690,53.5
33103,0.820,0.695,53.399999999999636
33104,0.820,0.700,53.29999999999927
33105,0.820,0.705,53.20000000000073
33106,0.820,0.710,53.100000000000364
33107,0.820,0.715,53.0
33108,0.820,0.720,52.899999999999636
33109,0.820,0.725,52.79999999999927
33110,0.820,0.730,52.70000000000073
33111,0.820,0.735,52.70000000000073
33112,0.820,0.740,52.600000000000364
33113,0.820,0.745,52.5
33114,0.820,0.750,52.399999999999636
33115,0.820,0.755,52.29999999999927
33116,0.820,0.760,52.20000000000073
33117,0.820,0.765,52.100000000000364
33118,0.820,0.770,52.0
33119,0.820,0.775,52.0
33120,0.820,0.780,51.899999999999636
33121,0.820,0.785,51.79999999999927
33122,0.820,0.790,51.70000000000073
33123,0.820,0.795,51.600000000000364
33124,0.820,0.800,51.600000000000364
33125,0.820,0.805,51.5
33126,0.820,0.810,51.399999999999636
33127,0.820,0.815,51.29999999999927
33128,0.820,0.820,51.29999999999927
33129,0.820,0.825,51.20000000000073
33130,0.820,0.830,51.100000000000364
33131,0.820,0.835,51.0
33132,0.820,0.840,51.0
33133,0.820,0.845,50.899999999999636
33134,0.820,0.850,50.79999999999927
33135,0.820,0.855,50.79999999999927
33136,0.820,0.860,50.70000000000073
33137,0.820,0.865,50.600000000000364
33138,0.820,0.870,50.5
33139,0.820,0.875,50.5
33140,0.820,0.880,50.399999999999636
33141,0.820,0.885,50.29999999999927
33142,0.820,0.890,50.29999999999927
33143,0.820,0.895,50.20000000000073
33144,0.820,0.900,50.100000000000364
33145,0.820,0.905,50.100000000000364
33146,0.820,0.910,50.0
33147,0.820,0.915,50.0
33148,0.820,0.920,49.899999999999636
33149,0.820,0.925,49.79999999999927
33150,0.820,0.930,49.79999999999927
33151,0.820,0.935,49.70000000000073
33152,0.820,0.940,49.600000000000364
33153,0.820,0.945,49.600000000000364
33154,0.820,0.950,49.5
33155,0.820,0.955,49.5
33156,0.820,0.960,49.399999999999636
33157,0.820,0.965,49.29999999999927
33158,0.820,0.970,49.29999999999927
33159,0.820,0.975,49.20000000000073
33160,0.820,0.980,49.20000000000073
33161,0.820,0.985,49.100000000000364
33162,0.820,0.990,49.100000000000364
33163,0.820,0.995,49.0
33164,0.820,1.000,48.899999999999636
33302,0.825,0.685,31.899999999999636
33303,0.825,0.690,31.899999999999636
33304,0.825,0.695,31.799999999999272
33305,0.825,0.700,31.799999999999272
33306,0.825,0.705,31.799999999999272
33307,0.825,0.710,31.700000000000728
33308,0.825,0.715,31.700000000000728
33309,0.825,0.720,31.700000000000728
33310,0.825,0.725,31.700000000000728
33311,0.825,0.730,31.600000000000364
33312,0.825,0.735,31.600000000000364
33313,0.825,0.740,31.600000000000364
33314,0.825,0.745,31.5
33315,0.825,0.750,31.5
33316,0.825,0.755,31.5
33317,0.825,0.760,31.5
33318,0.825,0.765,31.399999999999636
33319,0.825,0.770,31.399999999999636
33320,0.825,0.775,31.399999999999636
33321,0.825,0.780,31.399999999999636
33322,0.825,0.785,31.299999999999272
33323,0.825,0.790,31.299999999999272
33324,0.825,0.795,31.299999999999272
33325,0.825,0.800,31.200000000000728
33326,0.825,0.805,31.200000000000728
33327,0.825,0.810,31.200000000000728
33328,0.825,0.815,31.200000000000728
33329,0.825,0.820,31.100000000000364
33330,0.825,0.825,31.100000000000364
33331,0.825,0.830,31.100000000000364
33332,0.825,0.835,31.100000000000364
33333,0.825,0.840,31.0
33334,0.825,0.845,31.0
33335,0.825,0.850,31.0
33336,0.825,0.855,31.0
33337,0.825,0.860,30.899999999999636
33338,0.825,0.865,30.899999999999636
33339,0.825,0.870,30.899999999999636
33340,0.825,0.875,30.899999999999636
33341,0.825,0.880,30.799999999999272
33342,0.825,0.885,30.799999999999272
33343,0.825,0.890,30.799999999999272
33344,0.825,0.895,30.799999999999272
33345,0.825,0.900,30.799999999999272
33346,0.825,0.905,30.700000000000728
33347,0.825,0.910,30.700000000000728
33348,0.825,0.915,30.700000000000728
33349,0.825,0.920,30.700000000000728
33350,0.825,0.925,30.600000000000364
33351,0.825,0.930,30.600000000000364
33352,0.825,0.935,30.600000000000364
33353,0.825,0.940,30.600000000000364
33354,0.825,0.945,30.600000000000364
33355,0.825,0.950,30.5
33356,0.825,0.955,30.5
33357,0.825,0.960,30.5
33358,0.825,0.965,30.5
33359,0.825,0.970,30.399999999999636
33360,0.825,0.975,30.399999999999636
33361,0.825,0.980,30.399999999999636
33362,0.825,0.985,30.399999999999636
33363,0.825,0.990,30.399999999999636
33364,0.825,0.995,30.299999999999272
33365,0.825,1.000,30.299999999999272
33502,0.830,0.680,12.299999999999272
33503,0.830,0.685,12.299999999999272
33504,0.830,0.690,12.299999999999272
33505,0.830,0.695,12.200000000000728
33506,0.830,0.700,12.200000000000728
33507,0.830,0.705,12.200000000000728
33508,0.830,0.710,12.200000000000728
33509,0.830,0.715,12.200000000000728
33510,0.830,0.720,12.200000000000728
33511,0.830,0.725,12.200000000000728
33512,0.830,0.730,12.200000000000728
33513,0.830,0.735,12.200000000000728
33514,0.830,0.740,12.200000000000728
33515,0.830,0.745,12.200000000000728
33516,0.830,0.750,12.200000000000728
33517,0.830,0.755,12.200000000000728
33518,0.830,0.760,12.200000000000728
33519,0.830,0.765,12.200000000000728
33520,0.830,0.770,12.200000000000728
33521,0.830,0.775,12.200000000000728
33522,0.830,0.780,12.200000000000728
33523,0.830,0.785,12.200000000000728
33524,0.830,0.790,12.200000000000728
33525,0.830,0.795,12.200000000000728
33526,0.830,0.800,12.200000000000728
33527,0.830,0.805,12.200000000000728
33528,0.830,0.810,12.200000000000728
33529,0.830,0.815,12.200000000000728
33530,0.830,0.820,12.200000000000728
33531,0.830,0.825,12.200000000000728
33532,0.830,0.830,12.200000000000728
33533,0.830,0.835,12.100000000000364
33534,0.830,0.840,12.100000000000364
33535,0.830,0.845,12.100000000000364
33536,0.830,0.850,12.100000000000364
33537,0.830,0.855,12.100000000000364
33538,0.830,0.860,12.100000000000364
33539,0.830,0.865,12.100000000000364
33540,0.830,0.870,12.100000000000364
33541,0.830,0.875,12.100000000000364
33542,0.830,0.880,12.100000000000364
33543,0.830,0.885,12.100000000000364
33544,0.830,0.890,12.100000000000364
33545,0.830,0.895,12.100000000000364
33546,0.830,0.900,12.100000000000364
33547,0.830,0.905,12.100000000000364
33548,0.830,0.910,12.100000000000364
33549,0.830,0.915,12.100000000000364
33550,0.830,0.920,12.100000000000364
33551,0.830,0.925,12.100000000000364
33552,0.830,0.930,12.100000000000364
33553,0.830,0.935,12.100000000000364
33554,0.830,0.940,12.100000000000364
33555,0.830,0.945,12.100000000000364
33556,0.830,0.950,12.100000000000364
33557,0.830,0.955,12.100000000000364
33558,0.830,0.960,12.100000000000364
33559,0.830,0.965,12.100000000000364
33560,0.830,0.970,12.100000000000364
33561,0.830,0.975,12.100000000000364
33562,0.830,0.980,12.0
33563,0.830,0.985,12.0
33564,0.830,0.990,12.0
33565,0.830,0.995,12.0
33566,0.830,1.000,12.0
33702,0.835,0.675,0.0
33703,0.835,0.680,0.0
33704,0.835,0.685,0.0
33705,0.835,0.690,0.0
33706,0.835,0.695,0.0
33707,0.835,0.700,0.0
33708,0.835,0.705,0.0
33709,0.835,0.710,0.0
33710,0.835,0.715,0.0
33711,0.835,0.720,0.0
33712,0.835,0.725,0.0
33713,0.835,0.730,0.0
33714,0.835,0.735,0.0
33715,0.835,0.740,0.0
33716,0.835,0.745,0.0
33717,0.835,0.750,0.0
33718,0.835,0.755,0.0
33719,0.835,0.760,0.0
33720,0.835,0.765,0.0
33721,0.835,0.770,0.0
33722,0.835,0.775,0.0
33723,0.835,0.780,0.0
33724,0.835,0.785,0.0
33725,0.835,0.790,0.0
33726,0.835,0.795,0.0
33727,0.835,0.800,0.0
33728,0.835,0.805,0.0
33729,0.835,0.810,0.0
33730,0.835,0.815,0.0
33731,0.835,0.820,0.0
33732,0.835,0.825,0.0
33733,0.835,0.830,0.0
33734,0.835,0.835,0.0
33735,0.835,0.840,0.0
33736,0.835,0.845,0.0
33737,0.835,0.850,0.0
33738,0.835,0.855,0.0
33739,0.835,0.860,0.0
33740,0.835,0.865,0.0
33741,0.835,0.870,0.0
33742,0.835,0.875,0.0
33743,0.835,0.880,0.0
33744,0.835,0.885,0.0
33745,0.835,0.890,0.0
33746,0.835,0.895,0.0
33747,0.835,0.900,0.0
33748,0.835,0.905,0.0
33749,0.835,0.910,0.0
33750,0.835,0.915,0.0
33751,0.835,0.920,0.0
33752,0.835,0.925,0.0
33753,0.835,0.930,0.0
33754,0.835,0.935,0.0
33755,0.835,0.940,0.0
33756,0.835,0.945,0.0
33757,0.835,0.950,0.0
33758,0.835,0.955,0.0
33759,0.835,0.960,0.0
33760,0.835,0.965,0.0
33761,0.835,0.970,0.0
33762,0.835,0.975,0.0
33763,0.835,0.980,0.0
33764,0.835,0.985,0.0
33765,0.835,0.990,0.0
33766,0.835,0.995,0.0
33767,0.835,1.000,0.0
33902,0.840,0.670,0.0
33903,0.840,0.675,0.0
33904,0.840,0.680,0.0
33905,0.840,0.685,0.0
33906,0.840,0.690,0.0
33907,0.840,0.695,0.0
33908,0.840,0.700,0.0
33909,0.840,0.705,0.0
33910,0.840,0.710,0.0
33911,0.840,0.715,0.0
33912,0.840,0.720,0.0
33913,0.840,0.725,0.0
33914,0.840,0.730,0.0
33915,0.840,0.735,0.0
33916,0.840,0.740,0.0
33917,0.840,0.745,0.0
33918,0.840,0.750,0.0
33919,0.840,0.755,0.0
33920,0.840,0.760,0.0
33921,0.840,0.765,0.0
33922,0.840,0.770,0.0
33923,0.840,0.775,0.0
33924,0.840,0.780,0.0
33925,0.840,0.785,0.0
33926,0.840,0.790,0.0
33927,0.840,0.795,0.0
33928,0.840,0.800,0.0
33929,0.840,0.805,0.0
33930,0.840,0.810,0.0
33931,0.840,0.815,0.0
33932,0.840,0.820,0.0
33933,0.840,0.825,0.0
33934,0.840,0.830,0.0
33935,0.840,0.835,0.0
33936,0.840,0.840,0.0
33937,0.840,0.845,0.0
33938,0.840,0.850,0.0
33939,0.840,0.855,0.0
33940,0.840,0.860,0.0
33941,0.840,0.865,0.0
33942,0.840,0.870,0.0
33943,0.840,0.875,0.0
33944,0.840,0.880,0.0
33945,0.840,0.885,0.0
33946,0.840,0.890,0.0
33947,0.840,0.895,0.0
33948,0.840,0.900,0.0
33949,0.840,0.905,0.0
33950,0.840,0.910,0.0
33951,0.840,0.915,0.0
33952,0.840,0.920,0.0
33953,0.840,0.925,0.0
33954,0.840,0.930,0.0
33955,0.840,0.935,0.0
33956,0.840,0.940,0.0
33957,0.840,0.945,0.0
33958,0.840,0.950,0.0
33959,0.840,0.955,0.0
33960,0.840,0.960,0.0
33961,0.840,0.965,0.0
33962,0.840,0.970,0.0
33963,0.840,0.975,0.0
33964,0.840,0.980,0.0
33965,0.840,0.985,0.0
33966,0.840,0.990,0.0
33967,0.840,0.995,0.0
33968,0.840,1.000,0.0
34102,0.845,0.665,0.0
34103,0.845,0.670,0.0
34104,0.845,0.675,0.0
34105,0.845,0.680,0.0
34106,0.845,0.685,0.0
34107,0.845,0.690,0.0
34108,0.845,0.695,0.0
34109,0.845,0.700,0.0
34110,0.845,0.705,0.0
34111,0.845,0.710,0.0
34112,0.845,0.715,0.0
34113,0.845,0.720,0.0
34114,0.845,0.725,0.0
34115,0.845,0.730,0.0
34116,0.845,0.735,0.0
34117,0.845,0.740,0.0
34118,0.845,0.745,0.0
34119,0.845,0.750,0.0
34120,0.845,0.755,0.0
34121,0.845,0.760,0.0
34122,0.845,0.765,0.0
34123,0.845,0.770,0.0
34124,0.845,0.775,0.0
34125,0.845,0.780,0.0
34126,0.845,0.785,0.0
34127,0.845,0.790,0.0
34128,0.845,0.795,0.0
34129,0.845,0.800,0.0
34130,0.845,0.805,0.0
34131,0.845,0.810,0.0
34132,0.845,0.815,0.0
34133,0.845,0.820,0.0
34134,0.845,0.825,0.0
34135,0.845,0.830,0.0
34136,0.845,0.835,0.0
34137,0.845,0.840,0.0
34138,0.845,0.845,0.0
34139,0.845,0.850,0.0
34140,0.845,0.855,0.0
34141,0.845,0.860,0.0
34142,0.845,0.865,0.0
34143,0.845,0.870,0.0
34144,0.845,0.875,0.0
34145,0.845,0.880,0.0
34146,0.845,0.885,0.0
34147,0.845,0.890,0.0
34148,0.845,0.895,0.0
34149,0.845,0.900,0.0
34150,0.845,0.905,0.0
34151,0.845,0.910,0.0
34152,0.845,0.915,0.0
34153,0.845,0.920,0.0
34154,0.845,0.925,0.0
34155,0.845,0.930,0.0
34156,0.845,0.935,0.0
34157,0.845,0.940,0.0
34158,0.845,0.945,0.0
34159,0.845,0.950,0.0
34160,0.845,0.955,0.0
34161,0.845,0.960,0.0
34162,0.845,0.965,0.0
34163,0.845,0.970,0.0
34164,0.845,0.975,0.0
34165,0.845,0.980,0.0
34166,0.845,0.985,0.0
34167,0.845,0.990,0.0
34168,0.845,0.995,0.0
34169,0.845,1.000,0.0
34302,0.850,0.660,0.0
34303,0.850,0.665,0.0
34304,0.850,0.670,0.0
34305,0.850,0.675,0.0
34306,0.850,0.680,0.0
34307,0.850,0.685,0.0
34308,0.850,0.690,0.0
34309,0.850,0.695,0.0
34310,0.850,0.700,0.0
34311,0.850,0.705,0.0
34312,0.850,0.710,0.0
34313,0.850,0.715,0.0
34314,0.850,0.720,0.0
34315,0.850,0.725,0.0
34316,0.850,0.730,0.0
34317,0.850,0.735,0.0
34318,0.850,0.740,0.0
34319,0.850,0.745,0.0
34320,0.850,0.750,0.0
34321,0.850,0.755,0.0
34322,0.850,0.760,0.0
34323,0.850,0.765,0.0
34324,0.850,0.770,0.0
34325,0.850,0.775,0.0
34326,0.850,0.780,0.0
34327,0.850,0.785,0.0
34328,0.850,0.790,0.0
34329,0.850,0.795,0.0
34330,0.850,0.800,0.0
34331,0.850,0.805,0.0
34332,0.850,0.810,0.0
34333,0.850,0.815,0.0
34334,0.850,0.820,0.0
34335,0.850,0.825,0.0
34336,0.850,0.830,0.0
34337,0.850,0.835,0.0
34338,0.850,0.840,0.0
34339,0.850,0.845,0.0
34340,0.850,0.850,0.0
34341,0.850,0.855,0.0
34342,0.850,0.860,0.0
34343,0.850,0.865,0.0
34344,0.850,0.870,0.0
34345,0.850,0.875,0.0
34346,0.850,0.880,0.0
34347,0.850,0.885,0.0
34348,0.850,0.890,0.0
34349,0.850,0.895,0.0
34350,0.850,0.900,0.0
34351,0.850,0.905,0.0
34352,0.850,0.910,0.0
34353,0.850,0.915,0.0
34354,0.850,0.920,0.0
34355,0.850,0.925,0.0
34356,0.850,0.930,0.0
34357,0.850,0.935,0.0
34358,0.850,0.940,0.0
34359,0.850,0.945,0.0
34360,0.850,0.950,0.0
34361,0.850,0.955,0.0
34362,0.850,0.960,0.0
34363,0.850,0.965,0.0
34364,0.850,0.970,0.0
34365,0.850,0.975,0.0
34366,0.850,0.980,0.0
34367,0.850,0.985,0.0
34368,0.850,0.990,0.0
34369,0.850,0.995,0.0
34370,0.850,1.000,0.0
34502,0.855,0.655,0.0
34503,0.855,0.660,0.0
34504,0.855,0.665,0.0
34505,0.855,0.670,0.0
34506,0.855,0.675,0.0
34507,0.855,0.680,0.0
34508,0.855,0.685,0.0
34509,0.855,0.690,0.0
34510,0.855,0.695,0.0
34511,0.855,0.700,0.0
34512,0.855,0.705,0.0
34513,0.855,0.710,0.0
34514,0.855,0.715,0.0
34515,0.855,0.720,0.0
34516,0.855,0.725,0.0
34517,0.855,0.730,0.0
34518,0.855,0.735,0.0
34519,0.855,0.740,0.0
34520,0.855,0.745,0.0
34521,0.855,0.750,0.0
34522,0.855,0.755,0.0
34523,0.855,0.760,0.0
34524,0.855,0.765,0.0
34525,0.855,0.770,0.0
34526,0.855,0.775,0.0
34527,0.855,0.780,0.0
34528,0.855,0.785,0.0
34529,0.855,0.790,0.0
34530,0.855,0.795,0.0
34531,0.855,0.800,0.0
34532,0.855,0.805,0.0
34533,0.855,0.810,0.0
34534,0.855,0.815,0.0
34535,0.855,0.820,0.0
34536,0.855,0.825,0.0
34537,0.855,0.830,0.0
34538,0.855,0.835,0.0
34539,0.855,0.840,0.0
34540,0.855,0.845,0.0
34541,0.855,0.850,0.0
34542,0.855,0.855,0.0
34543,0.855,0.860,0.0
34544,0.855,0.865,0.0
34545,0.855,0.870,0.0
34546,0.855,0.875,0.0
34547,0.855,0.880,0.0
34548,0.855,0.885,0.0
34549,0.855,0.890,0.0
34550,0.855,0.895,0.0
34551,0.855,0.900,0.0
34552,0.855,0.905,0.0
34553,0.855,0.910,0.0
34554,0.855,0.915,0.0
34555,0.855,0.920,0.0
34556,0.855,0.925,0.0
34557,0.855,0.930,0.0
34558,0.855,0.935,0.0
34559,0.855,0.940,0.0
34560,0.855,0.945,0.0
34561,0.855,0.950,0.0
34562,0.855,0.955,0.0
34563,0.855,0.960,0.0
34564,0.855,0.965,0.0
34565,0.855,0.970,0.0
34566,0.855,0.975,0.0
34567,0.855,0.980,0.0
34568,0.855,0.985,0.0
34569,0.855,0.990,0.0
34570,0.855,0.995,0.0
34571,0.855,1.000,0.0
34703,0.860,0.655,0.0
34704,0.860,0.660,0.0
34705,0.860,0.665,0.0
34706,0.860,0.670,0.0
34707,0.860,0.675,0.0
34708,0.860,0.680,0.0
34709,0.860,0.685,0.0
34710,0.860,0.690,0.0
34711,0.860,0.695,0.0
34712,0.860,0.700,0.0
34713,0.860,0.705,0.0
34714,0.860,0.710,0.0
34715,0.860,0.715,0.0
34716,0.860,0.720,0.0
34717,0.860,0.725,0.0
34718,0.860,0.730,0.0
34719,0.860,0.735,0.0
34720,0.860,0.740,0.0
34721,0.860,0.745,0.0
34722,0.860,0.750,0.0
34723,0.860,0.755,0.0
34724,0.860,0.760,0.0
34725,0.860,0.765,0.0
34726,0.860,0.770,0.0
34727,0.860,0.775,0.0
34728,0.860,0.780,0.0
34729,0.860,0.785,0.0
34730,0.860,0.790,0.0
34731,0.860,0.795,0.0
34732,0.860,0.800,0.0
34733,0.860,0.805,0.0
34734,0.860,0.810,0.0
34735,0.860,0.815,0.0
34736,0.860,0.820,0.0
34737,0.860,0.825,0.0
34738,0.860,0.830,0.0
34739,0.860,0.835,0.0
34740,0.860,0.840,0.0
34741,0.860,0.845,0.0
34742,0.860,0.850,0.0
34743,0.860,0.855,0.0
34744,0.860,0.860,0.0
34745,0.860,0.865,0.0
34746,0.860,0.870,0.0
34747,0.860,0.875,0.0
34748,0.860,0.880,0.0
34749,0.860,0.885,0.0
34750,0.860,0.890,0.0
34751,0.860,0.895,0.0
34752,0.860,0.900,0.0
34753,0.860,0.905,0.0
34754,0.860,0.910,0.0
34755,0.860,0.915,0.0
34756,0.860,0.920,0.0
34757,0.860,0.925,0.0
34758,0.860,0.930,0.0
34759,0.860,0.935,0.0
34760,0.860,0.940,0.0
34761,0.860,0.945,0.0
34762,0.860,0.950,0.0
34763,0.860,0.955,0.0
34764,0.860,0.960,0.0
34765,0.860,0.965,0.0
34766,0.860,0.970,0.0
34767,0.860,0.975,0.0
34768,0.860,0.980,0.0
34769,0.860,0.985,0.0
34770,0.860,0.990,0.0
34771,0.860,0.995,0.0
34772,0.860,1.000,0.0
34903,0.865,0.650,0.0
34904,0.865,0.655,0.0
34905,0.865,0.660,0.0
34906,0.865,0.665,0.0
34907,0.865,0.670,0.0
34908,0.865,0.675,0.0
34909,0.865,0.680,0.0
34910,0.865,0.685,0.0
34911,0.865,0.690,0.0
34912,0.865,0.695,0.0
34913,0.865,0.700,0.0
34914,0.865,0.705,0.0
34915,0.865,0.710,0.0
34916,0.865,0.715,0.0
34917,0.865,0.720,0.0
34918,0.865,0.725,0.0
34919,0.865,0.730,0.0
34920,0.865,0.735,0.0
34921,0.865,0.740,0.0
34922,0.865,0.745,0.0
34923,0.865,0.750,0.0
34924,0.865,0.755,0.0
34925,0.865,0.760,0.0
34926,0.865,0.765,0.0
34927,0.865,0.770,0.0
34928,0.865,0.775,0.0
34929,0.865,0.780,0.0
34930,0.865,0.785,0.0
34931,0.865,0.790,0.0
34932,0.865,0.795,0.0
34933,0.865,0.800,0.0
34934,0.865,0.805,0.0
34935,0.865,0.810,0.0
34936,0.865,0.815,0.0
34937,0.865,0.820,0.0
34938,0.865,0.825,0.0
34939,0.865,0.830,0.0
34940,0.865,0.835,0.0
34941,0.865,0.840,0.0
34942,0.865,0.845,0.0
34943,0.865,0.850,0.0
34944,0.865,0.855,0.0
34945,0.865,0.860,0.0
34946,0.865,0.865,0.0
34947,0.865,0.870,0.0
34948,0.865,0.875,0.0
34949,0.865,0.880,0.0
34950,0.865,0.885,0.0
34951,0.865,0.890,0.0
34952,0.865,0.895,0.0
34953,0.865,0.900,0.0
34954,0.865,0.905,0.0
34955,0.865,0.910,0.0
34956,0.865,0.915,0.0
34957,0.865,0.920,0.0
34958,0.865,0.925,0.0
34959,0.865,0.930,0.0
34960,0.865,0.935,0.0
34961,0.865,0.940,0.0
34962,0.865,0.945,0.0
34963,0.865,0.950,0.0
34964,0.865,0.955,0.0
34965,0.865,0.960,0.0
34966,0.865,0.965,0.0
34967,0.865,0.970,0.0
34968,0.865,0.975,0.0
34969,0.865,0.980,0.0
34970,0.865,0.985,0.0
34971,0.865,0.990,0.0
34972,0.865,0.995,0.0
34973,0.865,1.000,0.0
35103,0.870,0.645,0.0
35104,0.870,0.650,0.0
35105,0.870,0.655,0.0
35106,0.870,0.660,0.0
35107,0.870,0.665,0.0
35108,0.870,0.670,0.0
35109,0.870,0.675,0.0
35110,0.870,0.680,0.0
35111,0.870,0.685,0.0
35112,0.870,0.690,0.0
35113,0.870,0.695,0.0
35114,0.870,0.700,0.0
35115,0.870,0.705,0.0
35116,0.870,0.710,0.0
35117,0.870,0.715,0.0
35118,0.870,0.720,0.0
35119,0.870,0.725,0.0
35120,0.870,0.730,0.0
35121,0.870,0.735,0.0
35122,0.870,0.740,0.0
35123,0.870,0.745,0.0
35124,0.870,0.750,0.0
35125,0.870,0.755,0.0
35126,0.870,0.760,0.0
35127,0.870,0.765,0.0
35128,0.870,0.770,0.0
35129,0.870,0.775,0.0
35130,0.870,0.780,0.0
35131,0.870,0.785,0.0
35132,0.870,0.790,0.0
35133,0.870,0.795,0.0
35134,0.870,0.800,0.0
35135,0.870,0.805,0.0
35136,0.870,0.810,0.0
35137,0.870,0.815,0.0
35138,0.870,0.820,0.0
35139,0.870,0.825,0.0
35140,0.870,0.830,0.0
35141,0.870,0.835,0.0
35142,0.870,0.840,0.0
35143,0.870,0.845,0.0
35144,0.870,0.850,0.0
35145,0.870,0.855,0.0
35146,0.870,0.860,0.0
35147,0.870,0.865,0.0
35148,0.870,0.870,0.0
35149,0.870,0.875,0.0
35150,0.870,0.880,0.0
35151,0.870,0.885,0.0
35152,0.870,0.890,0.0
35153,0.870,0.895,0.0
35154,0.870,0.900,0.0
35155,0.870,0.905,0.0
35156,0.870,0.910,0.0
35157,0.870,0.915,0.0
35158,0.870,0.920,0.0
35159,0.870,0.925,0.0
35160,0.870,0.930,0.0
35161,0.870,0.935,0.0
35162,0.870,0.940,0.0
35163,0.870,0.945,0.0
35164,0.870,0.950,0.0
35165,0.870,0.955,0.0
35166,0.870,0.960,0.0
35167,0.870,0.965,0.0
35168,0.870,0.970,0.0
35169,0.870,0.975,0.0
35170,0.870,0.980,0.0
35171,0.870,0.985,0.0
35172,0.870,0.990,0.0
35173,0.870,0.995,0.0
35174,0.870,1.000,0.0
35303,0.875,0.640,0.0
35304,0.875,0.645,0.0
35305,0.875,0.650,0.0
35306,0.875,0.655,0.0
35307,0.875,0.660,0.0
35308,0.875,0.665,0.0
35309,0.875,0.670,0.0
35310,0.875,0.675,0.0
35311,0.875,0.680,0.0
35312,0.875,0.685,0.0
35313,0.875,0.690,0.0
35314,0.875,0.695,0.0
35315,0.875,0.700,0.0
35316,0.875,0.705,0.0
35317,0.875,0.710,0.0
35318,0.875,0.715,0.0
35319,0.875,0.720,0.0
35320,0.875,0.725,0.0
35321,0.875,0.730,0.0
35322,0.875,0.735,0.0
35323,0.875,0.740,0.0
35324,0.875,0.745,0.0
35325,0.875,0.750,0.0
35326,0.875,0.755,0.0
35327,0.875,0.760,0.0
35328,0.875,0.765,0.0
35329,0.875,0.770,0.0
35330,0.875,0.775,0.0
35331,0.875,0.780,0.0
35332,0.875,0.785,0.0
35333,0.875,0.790,0.0
35334,0.875,0.795,0.0
35335,0.875,0.800,0.0
35336,0.875,0.805,0.0
35337,0.875,0.810,0.0
35338,0.875,0.815,0.0
35339,0.875,0.820,0.0
35340,0.875,0.825,0.0
35341,0.875,0.830,0.0
35342,0.875,0.835,0.0
35343,0.875,0.840,0.0
35344,0.875,0.845,0.0
35345,0.875,0.850,0.0
35346,0.875,0.855,0.0
35347,0.875,0.860,0.0
35348,0.875,0.865,0.0
35349,0.875,0.870,0.0
35350,0.875,0.875,0.0
35351,0.875,0.880,0.0
35352,0.875,0.885,0.0
35353,0.875,0.890,0.0
35354,0.875,0.895,0.0
35355,0.875,0.900,0.0
35356,0.875,0.905,0.0
35357,0.875,0.910,0.0
35358,0.875,0.915,0.0
35359,0.875,0.920,0.0
35360,0.875,0.925,0.0
35361,0.875,0.930,0.0
35362,0.875,0.935,0.0
35363,0.875,0.940,0.0
35364,0.875,0.945,0.0
35365,0.875,0.950,0.0
35366,0.875,0.955,0.0
35367,0.875,0.960,0.0
35368,0.875,0.965,0.0
35369,0.875,0.970,0.0
35370,0.875,0.975,0.0
35371,0.875,0.980,0.0
35372,0.875,0.985,0.0
35373,0.875,0.990,0.0
35374,0.875,0.995,0.0
35375,0.875,1.000,0.0
35504,0.880,0.640,0.0
35505,0.880,0.645,0.0
35506,0.880,0.650,0.0
35507,0.880,0.655,0.0
35508,0.880,0.660,0.0
35509,0.880,0.665,0.0
35510,0.880,0.670,0.0
35511,0.880,0.675,0.0
35512,0.880,0.680,0.0
35513,0.880,0.685,0.0
35514,0.880,0.690,0.0
35515,0.880,0.695,0.0
35516,0.880,0.700,0.0
35517,0.880,0.705,0.0
35518,0.880,0.710,0.0
35519,0.880,0.715,0.0
35520,0.880,0.720,0.0
35521,0.880,0.725,0.0
35522,0.880,0.730,0.0
35523,0.880,0.735,0.0
35524,0.880,0.740,0.0
35525,0.880,0.745,0.0
35526,0.880,0.750,0.0
35527,0.880,0.755,0.0
35528,0.880,0.760,0.0
35529,0.880,0.765,0.0
35530,0.880,0.770,0.0
35531,0.880,0.775,0.0
35532,0.880,0.780,0.0
35533,0.880,0.785,0.0
35534,0.880,0.790,0.0
35535,0.880,0.795,0.0
35536,0.880,0.800,0.0
35537,0.880,0.805,0.0
35538,0.880,0.810,0.0
35539,0.880,0.815,0.0
35540,0.880,0.820,0.0
35541,0.880,0.825,0.0
35542,0.880,0.830,0.0
35543,0.880,0.835,0.0
35544,0.880,0.840,0.0
35545,0.880,0.845,0.0
35546,0.880,0.850,0.0
35547,0.880,0.855,0.0
35548,0.880,0.860,0.0
35549,0.880,0.865,0.0
35550,0.880,0.870,0.0
35551,0.880,0.875,0.0
35552,0.880,0.880,0.0
35553,0.880,0.885,0.0
35554,0.880,0.890,0.0
35555,0.880,0.895,0.0
35556,0.880,0.900,0.0
35557,0.880,0.905,0.0
35558,0.880,0.910,0.0
35559,0.880,0.915,0.0
35560,0.880,0.920,0.0
35561,0.880,0.925,0.0
35562,0.880,0.930,0.0
35563,0.880,0.935,0.0
35564,0.880,0.940,0.0
35565,0.880,0.945,0.0
35566,0.880,0.950,0.0
35567,0.880,0.955,0.0
35568,0.880,0.960,0.0
35569,0.880,0.965,0.0
35570,0.880,0.970,0.0
35571,0.880,0.975,0.0
35572,0.880,0.980,0.0
35573,0.880,0.985,0.0
35574,0.880,0.990,0.0
35575,0.880,0.995,0.0
35576,0.880,1.000,0.0
35704,0.885,0.635,0.0
35705,0.885,0.640,0.0
35706,0.885,0.645,0.0
35707,0.885,0.650,0.0
35708,0.885,0.655,0.0
35709,0.885,0.660,0.0
35710,0.885,0.665,0.0
35711,0.885,0.670,0.0
35712,0.885,0.675,0.0
35713,0.885,0.680,0.0
35714,0.885,0.685,0.0
35715,0.885,0.690,0.0
35716,0.885,0.695,0.0
35717,0.885,0.700,0.0
35718,0.885,0.705,0.0
35719,0.885,0.710,0.0
35720,0.885,0.715,0.0
35721,0.885,0.720,0.0
35722,0.885,0.725,0.0
35723,0.885,0.730,0.0
35724,0.885,0.735,0.0
35725,0.885,0.740,0.0
35726,0.885,0.745,0.0
35727,0.885,0.750,0.0
35728,0.885,0.755,0.0
35729,0.885,0.760,0.0
35730,0.885,0.765,0.0
35731,0.885,0.770,0.0
35732,0.885,0.775,0.0
35733,0.885,0.780,0.0
35734,0.885,0.785,0.0
35735,0.885,0.790,0.0
35736,0.885,0.795,0.0
35737,0.885,0.800,0.0
35738,0.885,0.805,0.0
35739,0.885,0.810,0.0
35740,0.885,0.815,0.0
35741,0.885,0.820,0.0
35742,0.885,0.825,0.0
35743,0.885,0.830,0.0
35744,0.885,0.835,0.0
35745,0.885,0.840,0.0
35746,0.885,0.845,0.0
35747,0.885,0.850,0.0
35748,0.885,0.855,0.0
35749,0.885,0.860,0.0
35750,0.885,0.865,0.0
35751,0.885,0.870,0.0
35752,0.885,0.875,0.0
35753,0.885,0.880,0.0
35754,0.885,0.885,0.0
35755,0.885,0.890,0.0
35756,0.885,0.895,0.0
35757,0.885,0.900,0.0
35758,0.885,0.905,0.0
35759,0.885,0.910,0.0
35760,0.885,0.915,0.0
35761,0.885,0.920,0.0
35762,0.885,0.925,0.0
35763,0.885,0.930,0.0
35764,0.885,0.935,0.0
35765,0.885,0.940,0.0
35766,0.885,0.945,0.0
35767,0.885,0.950,0.0
35768,0.885,0.955,0.0
35769,0.885,0.960,0.0
35770,0.885,0.965,0.0
35771,0.885,0.970,0.0
35772,0.885,0.975,0.0
35773,0.885,0.980,0.0
35774,0.885,0.985,0.0
35775,0.885,0.990,0.0
35776,0.885,0.995,0.0
35777,0.885,1.000,0.0
35905,0.890,0.635,0.0
35906,0.890,0.640,0.0
35907,0.890,0.645,0.0
35908,0.890,0.650,0.0
35909,0.890,0.655,0.0
35910,0.890,0.660,0.0
35911,0.890,0.665,0.0
35912,0.890,0.670,0.0
35913,0.890,0.675,0.0
35914,0.890,0.680,0.0
35915,0.890,0.685,0.0
35916,0.890,0.690,0.0
35917,0.890,0.695,0.0
35918,0.890,0.700,0.0
35919,0.890,0.705,0.0
35920,0.890,0.710,0.0
35921,0.890,0.715,0.0
35922,0.890,0.720,0.0
35923,0.890,0.725,0.0
35924,0.890,0.730,0.0
35925,0.890,0.735,0.0
35926,0.890,0.740,0.0
35927,0.890,0.745,0.0
35928,0.890,0.750,0.0
35929,0.890,0.755,0.0
35930,0.890,0.760,0.0
35931,0.890,0.765,0.0
35932,0.890,0.770,0.0
35933,0.890,0.775,0.0
35934,0.890,0.780,0.0
35935,0.890,0.785,0.0
35936,0.890,0.790,0.0
35937,0.890,0.795,0.0
35938,0.890,0.800,0.0
35939,0.890,0.805,0.0
35940,0.890,0.810,0.0
35941,0.890,0.815,0.0
35942,0.890,0.820,0.0
35943,0.890,0.825,0.0
35944,0.890,0.830,0.0
35945,0.890,0.835,0.0
35946,0.890,0.840,0.0
35947,0.890,0.845,0.0
35948,0.890,0.850,0.0
35949,0.890,0.855,0.0
35950,0.890,0.860,0.0
35951,0.890,0.865,0.0
35952,0.890,0.870,0.0
35953,0.890,0.875,0.0
35954,0.890,0.880,0.0
35955,0.890,0.885,0.0
35956,0.890,0.890,0.0
35957,0.890,0.895,0.0
35958,0.890,0.900,0.0
35959,0.890,0.905,0.0
35960,0.890,0.910,0.0
35961,0.890,0.915,0.0
35962,0.890,0.920,0.0
35963,0.890,0.925,0.0
35964,0.890,0.930,0.0
35965,0.890,0.935,0.0
35966,0.890,0.940,0.0
35967,0.890,0.945,0.0
35968,0.890,0.950,0.0
35969,0.890,0.955,0.0
35970,0.890,0.960,0.0
35971,0.890,0.965,0.0
35972,0.890,0.970,0.0
35973,0.890,0.975,0.0
35974,0.890,0.980,0.0
35975,0.890,0.985,0.0
35976,0.890,0.990,0.0
35977,0.890,0.995,0.0
35978,0.890,1.000,0.0
36105,0.895,0.630,0.0
36106,0.895,0.635,0.0
36107,0.895,0.640,0.0
36108,0.895,0.645,0.0
36109,0.895,0.650,0.0
36110,0.895,0.655,0.0
36111,0.895,0.660,0.0
36112,0.895,0.665,0.0
36113,0.895,0.670,0.0
36114,0.895,0.675,0.0
36115,0.895,0.680,0.0
36116,0.895,0.685,0.0
36117,0.895,0.690,0.0
36118,0.895,0.695,0.0
36119,0.895,0.700,0.0
36120,0.895,0.705,0.0
36121,0.895,0.710,0.0
36122,0.895,0.715,0.0
36123,0.895,0.720,0.0
36124,0.895,0.725,0.0
36125,0.895,0.730,0.0
36126,0.895,0.735,0.0
36127,0.895,0.740,0.0
36128,0.895,0.745,0.0
36129,0.895,0.750,0.0
36130,0.895,0.755,0.0
36131,0.895,0.760,0.0
36132,0.895,0.765,0.0
36133,0.895,0.770,0.0
36134,0.895,0.775,0.0
36135,0.895,0.780,0.0
36136,0.895,0.785,0.0
36137,0.895,0.790,0.0
36138,0.895,0.795,0.0
36139,0.895,0.800,0.0
36140,0.895,0.805,0.0
36141,0.895,0.810,0.0
36142,0.895,0.815,0.0
36143,0.895,0.820,0.0
36144,0.895,0.825,0.0
36145,0.895,0.830,0.0
36146,0.895,0.835,0.0
36147,0.895,0.840,0.0
36148,0.895,0.845,0.0
36149,0.895,0.850,0.0
36150,0.895,0.855,0.0
36151,0.895,0.860,0.0
36152,0.895,0.865,0.0
36153,0.895,0.870,0.0
36154,0.895,0.875,0.0
36155,0.895,0.880,0.0
36156,0.895,0.885,0.0
36157,0.895,0.890,0.0
36158,0.895,0.895,0.0
36159,0.895,0.900,0.0
36160,0.895,0.905,0.0
36161,0.895,0.910,0.0
36162,0.895,0.915,0.0
36163,0.895,0.920,0.0
36164,0.895,0.925,0.0
36165,0.895,0.930,0.0
36166,0.895,0.935,0.0
36167,0.895,0.940,0.0
36168,0.895,0.945,0.0
36169,0.895,0.950,0.0
36170,0.895,0.955,0.0
36171,0.895,0.960,0.0
36172,0.895,0.965,0.0
36173,0.895,0.970,0.0
36174,0.895,0.975,0.0
36175,0.895,0.980,0.0
36176,0.895,0.985,0.0
36177,0.895,0.990,0.0
36178,0.895,0.995,0.0
36179,0.895,1.000,0.0
36306,0.900,0.630,0.0
36307,0.900,0.635,0.0
36308,0.900,0.640,0.0
36309,0.900,0.645,0.0
36310,0.900,0.650,0.0
36311,0.900,0.655,0.0
36312,0.900,0.660,0.0
36313,0.900,0.665,0.0
36314,0.900,0.670,0.0
36315,0.900,0.675,0.0
36316,0.900,0.680,0.0
36317,0.900,0.685,0.0
36318,0.900,0.690,0.0
36319,0.900,0.695,0.0
36320,0.900,0.700,0.0
36321,0.900,0.705,0.0
36322,0.900,0.710,0.0
36323,0.900,0.715,0.0
36324,0.900,0.720,0.0
36325,0.900,0.725,0.0
36326,0.900,0.730,0.0
36327,0.900,0.735,0.0
36328,0.900,0.740,0.0
36329,0.900,0.745,0.0
36330,0.900,0.750,0.0
36331,0.900,0.755,0.0
36332,0.900,0.760,0.0
36333,0.900,0.765,0.0
36334,0.900,0.770,0.0
36335,0.900,0.775,0.0
36336,0.900,0.780,0.0
36337,0.900,0.785,0.0
36338,0.900,0.790,0.0
36339,0.900,0.795,0.0
36340,0.900,0.800,0.0
36341,0.900,0.805,0.0
36342,0.900,0.810,0.0
36343,0.900,0.815,0.0
36344,0.900,0.820,0.0
36345,0.900,0.825,0.0
36346,0.900,0.830,0.0
36347,0.900,0.835,0.0
36348,0.900,0.840,0.0
36349,0.900,0.845,0.0
36350,0.900,0.850,0.0
36351,0.900,0.855,0.0
36352,0.900,0.860,0.0
36353,0.900,0.865,0.0
36354,0.900,0.870,0.0
36355,0.900,0.875,0.0
36356,0.900,0.880,0.0
36357,0.900,0.885,0.0
36358,0.900,0.890,0.0
36359,0.900,0.895,0.0
36360,0.900,0.900,0.0
36361,0.900,0.905,0.0
36362,0.900,0.910,0.0
36363,0.900,0.915,0.0
36364,0.900,0.920,0.0
36365,0.900,0.925,0.0
36366,0.900,0.930,0.0
36367,0.900,0.935,0.0
36368,0.900,0.940,0.0
36369,0.900,0.945,0.0
36370,0.900,0.950,0.0
36371,0.900,0.955,0.0
36372,0.900,0.960,0.0
36373,0.900,0.965,0.0
36374,0.900,0.970,0.0
36375,0.900,0.975,0.0
36376,0.900,0.980,0.0
36377,0.900,0.985,0.0
36378,0.900,0.990,0.0
36379,0.900,0.995,0.0
36380,0.900,1.000,0.0
36506,0.905,0.625,0.0
36507,0.905,0.630,0.0
36508,0.905,0.635,0.0
36509,0.905,0.640,0.0
36510,0.905,0.645,0.0
36511,0.905,0.650,0.0
36512,0.905,0.655,0.0
36513,0.905,0.660,0.0
36514,0.905,0.665,0.0
36515,0.905,0.670,0.0
36516,0.905,0.675,0.0
36517,0.905,0.680,0.0
36518,0.905,0.685,0.0
36519,0.905,0.690,0.0
36520,0.905,0.695,0.0
36521,0.905,0.700,0.0
36522,0.905,0.705,0.0
36523,0.905,0.710,0.0
36524,0.905,0.715,0.0
36525,0.905,0.720,0.0
36526,0.905,0.725,0.0
36527,0.905,0.730,0.0
36528,0.905,0.735,0.0
36529,0.905,0.740,0.0
36530,0.905,0.745,0.0
36531,0.905,0.750,0.0
36532,0.905,0.755,0.0
36533,0.905,0.760,0.0
36534,0.905,0.765,0.0
36535,0.905,0.770,0.0
36536,0.905,0.775,0.0
36537,0.905,0.780,0.0
36538,0.905,0.785,0.0
36539,0.905,0.790,0.0
36540,0.905,0.795,0.0
36541,0.905,0.800,0.0
36542,0.905,0.805,0.0
36543,0.905,0.810,0.0
36544,0.905,0.815,0.0
36545,0.905,0.820,0.0
36546,0.905,0.825,0.0
36547,0.905,0.830,0.0
36548,0.905,0.835,0.0
36549,0.905,0.840,0.0
36550,0.905,0.845,0.0
36551,0.905,0.850,0.0
36552,0.905,0.855,0.0
36553,0.905,0.860,0.0
36554,0.905,0.865,0.0
36555,0.905,0.870,0.0
36556,0.905,0.875,0.0
36557,0.905,0.880,0.0
36558,0.905,0.885,0.0
36559,0.905,0.890,0.0
36560,0.905,0.895,0.0
36561,0.905,0.900,0.0
36562,0.905,0.905,0.0
36563,0.905,0.910,0.0
36564,0.905,0.915,0.0
36565,0.905,0.920,0.0
36566,0.905,0.925,0.0
36567,0.905,0.930,0.0
36568,0.905,0.935,0.0
36569,0.905,0.940,0.0
36570,0.905,0.945,0.0
36571,0.905,0.950,0.0
36572,0.905,0.955,0.0
36573,0.905,0.960,0.0
36574,0.905,0.965,0.0
36575,0.905,0.970,0.0
36576,0.905,0.975,0.0
36577,0.905,0.980,0.0
36578,0.905,0.985,0.0
36579,0.905,0.990,0.0
36580,0.905,0.995,0.0
36581,0.905,1.000,0.0
36707,0.910,0.625,0.0
36708,0.910,0.630,0.0
36709,0.910,0.635,0.0
36710,0.910,0.640,0.0
36711,0.910,0.645,0.0
36712,0.910,0.650,0.0
36713,0.910,0.655,0.0
36714,0.910,0.660,0.0
36715,0.910,0.665,0.0
36716,0.910,0.670,0.0
36717,0.910,0.675,0.0
36718,0.910,0.680,0.0
36719,0.910,0.685,0.0
36720,0.910,0.690,0.0
36721,0.910,0.695,0.0
36722,0.910,0.700,0.0
36723,0.910,0.705,0.0
36724,0.910,0.710,0.0
36725,0.910,0.715,0.0
36726,0.910,0.720,0.0
36727,0.910,0.725,0.0
36728,0.910,0.730,0.0
36729,0.910,0.735,0.0
36730,0.910,0.740,0.0
36731,0.910,0.745,0.0
36732,0.910,0.750,0.0
36733,0.910,0.755,0.0
36734,0.910,0.760,0.0
36735,0.910,0.765,0.0
36736,0.910,0.770,0.0
36737,0.910,0.775,0.0
36738,0.910,0.780,0.0
36739,0.910,0.785,0.0
36740,0.910,0.790,0.0
36741,0.910,0.795,0.0
36742,0.910,0.800,0.0
36743,0.910,0.805,0.0
36744,0.910,0.810,0.0
36745,0.910,0.815,0.0
36746,0.910,0.820,0.0
36747,0.910,0.825,0.0
36748,0.910,0.830,0.0
36749,0.910,0.835,0.0
36750,0.910,0.840,0.0
36751,0.910,0.845,0.0
36752,0.910,0.850,0.0
36753,0.910,0.855,0.0
36754,0.910,0.860,0.0
36755,0.910,0.865,0.0
36756,0.910,0.870,0.0
36757,0.910,0.875,0.0
36758,0.910,0.880,0.0
36759,0.910,0.885,0.0
36760,0.910,0.890,0.0
36761,0.910,0.895,0.0
36762,0.910,0.900,0.0
36763,0.910,0.905,0.0
36764,0.910,0.910,0.0
36765,0.910,0.915,0.0
36766,0.910,0.920,0.0
36767,0.910,0.925,0.0
36768,0.910,0.930,0.0
36769,0.910,0.935,0.0
36770,0.910,0.940,0.0
36771,0.910,0.945,0.0
36772,0.910,0.950,0.0
36773,0.910,0.955,0.0
36774,0.910,0.960,0.0
36775,0.910,0.965,0.0
36776,0.910,0.970,0.0
36777,0.910,0.975,0.0
36778,0.910,0.980,0.0
36779,0.910,0.985,0.0
36780,0.910,0.990,0.0
36781,0.910,0.995,0.0
36782,0.910,1.000,0.0
36907,0.915,0.620,0.0
36908,0.915,0.625,0.0
36909,0.915,0.630,0.0
36910,0.915,0.635,0.0
36911,0.915,0.640,0.0
36912,0.915,0.645,0.0
36913,0.915,0.650,0.0
36914,0.915,0.655,0.0
36915,0.915,0.660,0.0
36916,0.915,0.665,0.0
36917,0.915,0.670,0.0
36918,0.915,0.675,0.0
36919,0.915,0.680,0.0
36920,0.915,0.685,0.0
36921,0.915,0.690,0.0
36922,0.915,0.695,0.0
36923,0.915,0.700,0.0
36924,0.915,0.705,0.0
36925,0.915,0.710,0.0
36926,0.915,0.715,0.0
36927,0.915,0.720,0.0
36928,0.915,0.725,0.0
36929,0.915,0.730,0.0
36930,0.915,0.735,0.0
36931,0.915,0.740,0.0
36932,0.915,0.745,0.0
36933,0.915,0.750,0.0
36934,0.915,0.755,0.0
36935,0.915,0.760,0.0
36936,0.915,0.765,0.0
36937,0.915,0.770,0.0
36938,0.915,0.775,0.0
36939,0.915,0.780,0.0
36940,0.915,0.785,0.0
36941,0.915,0.790,0.0
36942,0.915,0.795,0.0
36943,0.915,0.800,0.0
36944,0.915,0.805,0.0
36945,0.915,0.810,0.0
36946,0.915,0.815,0.0
36947,0.915,0.820,0.0
36948,0.915,0.825,0.0
36949,0.915,0.830,0.0
36950,0.915,0.835,0.0
36951,0.915,0.840,0.0
36952,0.915,0.845,0.0
36953,0.915,0.850,0.0
36954,0.915,0.855,0.0
36955,0.915,0.860,0.0
36956,0.915,0.865,0.0
36957,0.915,0.870,0.0
36958,0.915,0.875,0.0
36959,0.915,0.880,0.0
36960,0.915,0.885,0.0
36961,0.915,0.890,0.0
36962,0.915,0.895,0.0
36963,0.915,0.900,0.0
36964,0.915,0.905,0.0
36965,0.915,0.910,0.0
36966,0.915,0.915,0.0
36967,0.915,0.920,0.0
36968,0.915,0.925,0.0
36969,0.915,0.930,0.0
36970,0.915,0.935,0.0
36971,0.915,0.940,0.0
36972,0.915,0.945,0.0
36973,0.915,0.950,0.0
36974,0.915,0.955,0.0
36975,0.915,0.960,0.0
36976,0.915,0.965,0.0
36977,0.915,0.970,0.0
36978,0.915,0.975,0.0
36979,0.915,0.980,0.0
36980,0.915,0.985,0.0
36981,0.915,0.990,0.0
36982,0.915,0.995,0.0
36983,0.915,1.000,0.0
37108,0.920,0.620,0.0
37109,0.920,0.625,0.0
37110,0.920,0.630,0.0
37111,0.920,0.635,0.0
37112,0.920,0.640,0.0
37113,0.920,0.645,0.0
37114,0.920,0.650,0.0
37115,0.920,0.655,0.0
37116,0.920,0.660,0.0
37117,0.920,0.665,0.0
37118,0.920,0.670,0.0
37119,0.920,0.675,0.0
37120,0.920,0.680,0.0
37121,0.920,0.685,0.0
37122,0.920,0.690,0.0
37123,0.920,0.695,0.0
37124,0.920,0.700,0.0
37125,0.920,0.705,0.0
37126,0.920,0.710,0.0
37127,0.920,0.715,0.0
37128,0.920,0.720,0.0
37129,0.920,0.725,0.0
37130,0.920,0.730,0.0
37131,0.920,0.735,0.0
37132,0.920,0.740,0.0
37133,0.920,0.745,0.0
37134,0.920,0.750,0.0
37135,0.920,0.755,0.0
37136,0.920,0.760,0.0
37137,0.920,0.765,0.0
37138,0.920,0.770,0.0
37139,0.920,0.775,0.0
37140,0.920,0.780,0.0
37141,0.920,0.785,0.0
37142,0.920,0.790,0.0
37143,0.920,0.795,0.0
37144,0.920,0.800,0.0
37145,0.920,0.805,0.0
37146,0.920,0.810,0.0
37147,0.920,0.815,0.0
37148,0.920,0.820,0.0
37149,0.920,0.825,0.0
37150,0.920,0.830,0.0
37151,0.920,0.835,0.0
37152,0.920,0.840,0.0
37153,0.920,0.845,0.0
37154,0.920,0.850,0.0
37155,0.920,0.855,0.0
37156,0.920,0.860,0.0
37157,0.920,0.865,0.0
37158,0.920,0.870,0.0
37159,0.920,0.875,0.0
37160,0.920,0.880,0.0
37161,0.920,0.885,0.0
37162,0.920,0.890,0.0
37163,0.920,0.895,0.0
37164,0.920,0.900,0.0
37165,0.920,0.905,0.0
37166,0.920,0.910,0.0
37167,0.920,0.915,0.0
37168,0.920,0.920,0.0
37169,0.920,0.925,0.0
37170,0.920,0.930,0.0
37171,0.920,0.935,0.0
37172,0.920,0.940,0.0
37173,0.920,0.945,0.0
37174,0.920,0.950,0.0
37175,0.920,0.955,0.0
37176,0.920,0.960,0.0
37177,0.920,0.965,0.0
37178,0.920,0.970,0.0
37179,0.920,0.975,0.0
37180,0.920,0.980,0.0
37181,0.920,0.985,0.0
37182,0.920,0.990,0.0
37183,0.920,0.995,0.0
37184,0.920,1.000,0.0
37308,0.925,0.615,0.0
37309,0.925,0.620,0.0
37310,0.925,0.625,0.0
37311,0.925,0.630,0.0
37312,0.925,0.635,0.0
37313,0.925,0.640,0.0
37314,0.925,0.645,0.0
37315,0.925,0.650,0.0
37316,0.925,0.655,0.0
37317,0.925,0.660,0.0
37318,0.925,0.665,0.0
37319,0.925,0.670,0.0
37320,0.925,0.675,0.0
37321,0.925,0.680,0.0
37322,0.925,0.685,0.0
37323,0.925,0.690,0.0
37324,0.925,0.695,0.0
37325,0.925,0.700,0.0
37326,0.925,0.705,0.0
37327,0.925,0.710,0.0
37328,0.925,0.715,0.0
37329,0.925,0.720,0.0
37330,0.925,0.725,0.0
37331,0.925,0.730,0.0
37332,0.925,0.735,0.0
37333,0.925,0.740,0.0
37334,0.925,0.745,0.0
37335,0.925,0.750,0.0
37336,0.925,0.755,0.0
37337,0.925,0.760,0.0
37338,0.925,0.765,0.0
37339,0.925,0.770,0.0
37340,0.925,0.775,0.0
37341,0.925,0.780,0.0
37342,0.925,0.785,0.0
37343,0.925,0.790,0.0
37344,0.925,0.795,0.0
37345,0.925,0.800,0.0
37346,0.925,0.805,0.0
37347,0.925,0.810,0.0
37348,0.925,0.815,0.0
37349,0.925,0.820,0.0
37350,0.925,0.825,0.0
37351,0.925,0.830,0.0
37352,0.925,0.835,0.0
37353,0.925,0.840,0.0
37354,0.925,0.845,0.0
37355,0.925,0.850,0.0
37356,0.925,0.855,0.0
37357,0.925,0.860,0.0
37358,0.925,0.865,0.0
37359,0.925,0.870,0.0
37360,0.925,0.875,0.0
37361,0.925,0.880,0.0
37362,0.925,0.885,0.0
37363,0.925,0.890,0.0
37364,0.925,0.895,0.0
37365,0.925,0.900,0.0
37366,0.925,0.905,0.0
37367,0.925,0.910,0.0
37368,0.925,0.915,0.0
37369,0.925,0.920,0.0
37370,0.925,0.925,0.0
37371,0.925,0.930,0.0
37372,0.925,0.935,0.0
37373,0.925,0.940,0.0
37374,0.925,0.945,0.0
37375,0.925,0.950,0.0
37376,0.925,0.955,0.0
37377,0.925,0.960,0.0
37378,0.925,0.965,0.0
37379,0.925,0.970,0.0
37380,0.925,0.975,0.0
37381,0.925,0.980,0.0
37382,0.925,0.985,0.0
37383,0.925,0.990,0.0
37384,0.925,0.995,0.0
37385,0.925,1.000,0.0
37509,0.930,0.615,0.0
37510,0.930,0.620,0.0
37511,0.930,0.625,0.0
37512,0.930,0.630,0.0
37513,0.930,0.635,0.0
37514,0.930,0.640,0.0
37515,0.930,0.645,0.0
37516,0.930,0.650,0.0
37517,0.930,0.655,0.0
37518,0.930,0.660,0.0
37519,0.930,0.665,0.0
37520,0.930,0.670,0.0
37521,0.930,0.675,0.0
37522,0.930,0.680,0.0
37523,0.930,0.685,0.0
37524,0.930,0.690,0.0
37525,0.930,0.695,0.0
37526,0.930,0.700,0.0
37527,0.930,0.705,0.0
37528,0.930,0.710,0.0
37529,0.930,0.715,0.0
37530,0.930,0.720,0.0
37531,0.930,0.725,0.0
37532,0.930,0.730,0.0
37533,0.930,0.735,0.0
37534,0.930,0.740,0.0
37535,0.930,0.745,0.0
37536,0.930,0.750,0.0
37537,0.930,0.755,0.0
37538,0.930,0.760,0.0
37539,0.930,0.765,0.0
37540,0.930,0.770,0.0
37541,0.930,0.775,0.0
37542,0.930,0.780,0.0
37543,0.930,0.785,0.0
37544,0.930,0.790,0.0
37545,0.930,0.795,0.0
37546,0.930,0.800,0.0
37547,0.930,0.805,0.0
37548,0.930,0.810,0.0
37549,0.930,0.815,0.0
37550,0.930,0.820,0.0
37551,0.930,0.825,0.0
37552,0.930,0.830,0.0
37553,0.930,0.835,0.0
37554,0.930,0.840,0.0
37555,0.930,0.845,0.0
37556,0.930,0.850,0.0
37557,0.930,0.855,0.0
37558,0.930,0.860,0.0
37559,0.930,0.865,0.0
37560,0.930,0.870,0.0
37561,0.930,0.875,0.0
37562,0.930,0.880,0.0
37563,0.930,0.885,0.0
37564,0.930,0.890,0.0
37565,0.930,0.895,0.0
37566,0.930,0.900,0.0
37567,0.930,0.905,0.0
37568,0.930,0.910,0.0
37569,0.930,0.915,0.0
37570,0.930,0.920,0.0
37571,0.930,0.925,0.0
37572,0.930,0.930,0.0
37573,0.930,0.935,0.0
37574,0.930,0.940,0.0
37575,0.930,0.945,0.0
37576,0.930,0.950,0.0
37577,0.930,0.955,0.0
37578,0.930,0.960,0.0
37579,0.930,0.965,0.0
37580,0.930,0.970,0.0
37581,0.930,0.975,0.0
37582,0.930,0.980,0.0
37583,0.930,0.985,0.0
37584,0.930,0.990,0.0
37585,0.930,0.995,0.0
37586,0.930,1.000,0.0
37710,0.935,0.615,0.0
37711,0.935,0.620,0.0
37712,0.935,0.625,0.0
37713,0.935,0.630,0.0
37714,0.935,0.635,0.0
37715,0.935,0.640,0.0
37716,0.935,0.645,0.0
37717,0.935,0.650,0.0
37718,0.935,0.655,0.0
37719,0.935,0.660,0.0
37720,0.935,0.665,0.0
37721,0.935,0.670,0.0
37722,0.935,0.675,0.0
37723,0.935,0.680,0.0
37724,0.935,0.685,0.0
37725,0.935,0.690,0.0
37726,0.935,0.695,0.0
37727,0.935,0.700,0.0
37728,0.935,0.705,0.0
37729,0.935,0.710,0.0
37730,0.935,0.715,0.0
37731,0.935,0.720,0.0
37732,0.935,0.725,0.0
37733,0.935,0.730,0.0
37734,0.935,0.735,0.0
37735,0.935,0.740,0.0
37736,0.935,0.745,0.0
37737,0.935,0.750,0.0
37738,0.935,0.755,0.0
37739,0.935,0.760,0.0
37740,0.935,0.765,0.0
37741,0.935,0.770,0.0
37742,0.935,0.775,0.0
37743,0.935,0.780,0.0
37744,0.935,0.785,0.0
37745,0.935,0.790,0.0
37746,0.935,0.795,0.0
37747,0.935,0.800,0.0
37748,0.935,0.805,0.0
37749,0.935,0.810,0.0
37750,0.935,0.815,0.0
37751,0.935,0.820,0.0
37752,0.935,0.825,0.0
37753,0.935,0.830,0.0
37754,0.935,0.835,0.0
37755,0.935,0.840,0.0
37756,0.935,0.845,0.0
37757,0.935,0.850,0.0
37758,0.935,0.855,0.0
37759,0.935,0.860,0.0
37760,0.935,0.865,0.0
37761,0.935,0.870,0.0
37762,0.935,0.875,0.0
37763,0.935,0.880,0.0
37764,0.935,0.885,0.0
37765,0.935,0.890,0.0
37766,0.935,0.895,0.0
37767,0.935,0.900,0.0
37768,0.935,0.905,0.0
37769,0.935,0.910,0.0
37770,0.935,0.915,0.0
37771,0.935,0.920,0.0
37772,0.935,0.925,0.0
37773,0.935,0.930,0.0
37774,0.935,0.935,0.0
37775,0.935,0.940,0.0
37776,0.935,0.945,0.0
37777,0.935,0.950,0.0
37778,0.935,0.955,0.0
37779,0.935,0.960,0.0
37780,0.935,0.965,0.0
37781,0.935,0.970,0.0
37782,0.935,0.975,0.0
37783,0.935,0.980,0.0
37784,0.935,0.985,0.0
37785,0.935,0.990,0.0
37786,0.935,0.995,0.0
37787,0.935,1.000,0.0
37911,0.940,0.615,0.0
37912,0.940,0.620,0.0
37913,0.940,0.625,0.0
37914,0.940,0.630,0.0
37915,0.940,0.635,0.0
37916,0.940,0.640,0.0
37917,0.940,0.645,0.0
37918,0.940,0.650,0.0
37919,0.940,0.655,0.0
37920,0.940,0.660,0.0
37921,0.940,0.665,0.0
37922,0.940,0.670,0.0
37923,0.940,0.675,0.0
37924,0.940,0.680,0.0
37925,0.940,0.685,0.0
37926,0.940,0.690,0.0
37927,0.940,0.695,0.0
37928,0.940,0.700,0.0
37929,0.940,0.705,0.0
37930,0.940,0.710,0.0
37931,0.940,0.715,0.0
37932,0.940,0.720,0.0
37933,0.940,0.725,0.0
37934,0.940,0.730,0.0
37935,0.940,0.735,0.0
37936,0.940,0.740,0.0
37937,0.940,0.745,0.0
37938,0.940,0.750,0.0
37939,0.940,0.755,0.0
37940,0.940,0.760,0.0
37941,0.940,0.765,0.0
37942,0.940,0.770,0.0
37943,0.940,0.775,0.0
37944,0.940,0.780,0.0
37945,0.940,0.785,0.0
37946,0.940,0.790,0.0
37947,0.940,0.795,0.0
37948,0.940,0.800,0.0
37949,0.940,0.805,0.0
37950,0.940,0.810,0.0
37951,0.940,0.815,0.0
37952,0.940,0.820,0.0
37953,0.940,0.825,0.0
37954,0.940,0.830,0.0
37955,0.940,0.835,0.0
37956,0.940,0.840,0.0
37957,0.940,0.845,0.0
37958,0.940,0.850,0.0
37959,0.940,0.855,0.0
37960,0.940,0.860,0.0
37961,0.940,0.865,0.0
37962,0.940,0.870,0.0
37963,0.940,0.875,0.0
37964,0.940,0.880,0.0
37965,0.940,0.885,0.0
37966,0.940,0.890,0.0
37967,0.940,0.895,0.0
37968,0.940,0.900,0.0
37969,0.940,0.905,0.0
37970,0.940,0.910,0.0
37971,0.940,0.915,0.0
37972,0.940,0.920,0.0
37973,0.940,0.925,0.0
37974,0.940,0.930,0.0
37975,0.940,0.935,0.0
37976,0.940,0.940,0.0
37977,0.940,0.945,0.0
37978,0.940,0.950,0.0
37979,0.940,0.955,0.0
37980,0.940,0.960,0.0
37981,0.940,0.965,0.0
37982,0.940,0.970,0.0
37983,0.940,0.975,0.0
37984,0.940,0.980,0.0
37985,0.940,0.985,0.0
37986,0.940,0.990,0.0
37987,0.940,0.995,0.0
37988,0.940,1.000,0.0
38111,0.945,0.610,0.0
38112,0.945,0.615,0.0
38113,0.945,0.620,0.0
38114,0.945,0.625,0.0
38115,0.945,0.630,0.0
38116,0.945,0.635,0.0
38117,0.945,0.640,0.0
38118,0.945,0.645,0.0
38119,0.945,0.650,0.0
38120,0.945,0.655,0.0
38121,0.945,0.660,0.0
38122,0.945,0.665,0.0
38123,0.945,0.670,0.0
38124,0.945,0.675,0.0
38125,0.945,0.680,0.0
38126,0.945,0.685,0.0
38127,0.945,0.690,0.0
38128,0.945,0.695,0.0
38129,0.945,0.700,0.0
38130,0.945,0.705,0.0
38131,0.945,0.710,0.0
38132,0.945,0.715,0.0
38133,0.945,0.720,0.0
38134,0.945,0.725,0.0
38135,0.945,0.730,0.0
38136,0.945,0.735,0.0
38137,0.945,0.740,0.0
38138,0.945,0.745,0.0
38139,0.945,0.750,0.0
38140,0.945,0.755,0.0
38141,0.945,0.760,0.0
38142,0.945,0.765,0.0
38143,0.945,0.770,0.0
38144,0.945,0.775,0.0
38145,0.945,0.780,0.0
38146,0.945,0.785,0.0
38147,0.945,0.790,0.0
38148,0.945,0.795,0.0
38149,0.945,0.800,0.0
38150,0.945,0.805,0.0
38151,0.945,0.810,0.0
38152,0.945,0.815,0.0
38153,0.945,0.820,0.0
38154,0.945,0.825,0.0
38155,0.945,0.830,0.0
38156,0.945,0.835,0.0
38157,0.945,0.840,0.0
38158,0.945,0.845,0.0
38159,0.945,0.850,0.0
38160,0.945,0.855,0.0
38161,0.945,0.860,0.0
38162,0.945,0.865,0.0
38163,0.945,0.870,0.0
38164,0.945,0.875,0.0
38165,0.945,0.880,0.0
38166,0.945,0.885,0.0
38167,0.945,0.890,0.0
38168,0.945,0.895,0.0
38169,0.945,0.900,0.0
38170,0.945,0.905,0.0
38171,0.945,0.910,0.0
38172,0.945,0.915,0.0
38173,0.945,0.920,0.0
38174,0.945,0.925,0.0
38175,0.945,0.930,0.0
38176,0.945,0.935,0.0
38177,0.945,0.940,0.0
38178,0.945,0.945,0.0
38179,0.945,0.950,0.0
38180,0.945,0.955,0.0
38181,0.945,0.960,0.0
38182,0.945,0.965,0.0
38183,0.945,0.970,0.0
38184,0.945,0.975,0.0
38185,0.945,0.980,0.0
38186,0.945,0.985,0.0
38187,0.945,0.990,0.0
38188,0.945,0.995,0.0
38189,0.945,1.000,0.0
38312,0.950,0.610,0.0
38313,0.950,0.615,0.0
38314,0.950,0.620,0.0
38315,0.950,0.625,0.0
38316,0.950,0.630,0.0
38317,0.950,0.635,0.0
38318,0.950,0.640,0.0
38319,0.950,0.645,0.0
38320,0.950,0.650,0.0
38321,0.950,0.655,0.0
38322,0.950,0.660,0.0
38323,0.950,0.665,0.0
38324,0.950,0.670,0.0
38325,0.950,0.675,0.0
38326,0.950,0.680,0.0
38327,0.950,0.685,0.0
38328,0.950,0.690,0.0
38329,0.950,0.695,0.0
38330,0.950,0.700,0.0
38331,0.950,0.705,0.0
38332,0.950,0.710,0.0
38333,0.950,0.715,0.0
38334,0.950,0.720,0.0
38335,0.950,0.725,0.0
38336,0.950,0.730,0.0
38337,0.950,0.735,0.0
38338,0.950,0.740,0.0
38339,0.950,0.745,0.0
38340,0.950,0.750,0.0
38341,0.950,0.755,0.0
38342,0.950,0.760,0.0
38343,0.950,0.765,0.0
38344,0.950,0.770,0.0
38345,0.950,0.775,0.0
38346,0.950,0.780,0.0
38347,0.950,0.785,0.0
38348,0.950,0.790,0.0
38349,0.950,0.795,0.0
38350,0.950,0.800,0.0
38351,0.950,0.805,0.0
38352,0.950,0.810,0.0
38353,0.950,0.815,0.0
38354,0.950,0.820,0.0
38355,0.950,0.825,0.0
38356,0.950,0.830,0.0
38357,0.950,0.835,0.0
38358,0.950,0.840,0.0
38359,0.950,0.845,0.0
38360,0.950,0.850,0.0
38361,0.950,0.855,0.0
38362,0.950,0.860,0.0
38363,0.950,0.865,0.0
38364,0.950,0.870,0.0
38365,0.950,0.875,0.0
38366,0.950,0.880,0.0
38367,0.950,0.885,0.0
38368,0.950,0.890,0.0
38369,0.950,0.895,0.0
38370,0.950,0.900,0.0
38371,0.950,0.905,0.0
38372,0.950,0.910,0.0
38373,0.950,0.915,0.0
38374,0.950,0.920,0.0
38375,0.950,0.925,0.0
38376,0.950,0.930,0.0
38377,0.950,0.935,0.0
38378,0.950,0.940,0.0
38379,0.950,0.945,0.0
38380,0.950,0.950,0.0
38381,0.950,0.955,0.0
38382,0.950,0.960,0.0
38383,0.950,0.965,0.0
38384,0.950,0.970,0.0
38385,0.950,0.975,0.0
38386,0.950,0.980,0.0
38387,0.950,0.985,0.0
38388,0.950,0.990,0.0
38389,0.950,0.995,0.0
38390,0.950,1.000,0.0
38513,0.955,0.610,0.0
38514,0.955,0.615,0.0
38515,0.955,0.620,0.0
38516,0.955,0.625,0.0
38517,0.955,0.630,0.0
38518,0.955,0.635,0.0
38519,0.955,0.640,0.0
38520,0.955,0.645,0.0
38521,0.955,0.650,0.0
38522,0.955,0.655,0.0
38523,0.955,0.660,0.0
38524,0.955,0.665,0.0
38525,0.955,0.670,0.0
38526,0.955,0.675,0.0
38527,0.955,0.680,0.0
38528,0.955,0.685,0.0
38529,0.955,0.690,0.0
38530,0.955,0.695,0.0
38531,0.955,0.700,0.0
38532,0.955,0.705,0.0
38533,0.955,0.710,0.0
38534,0.955,0.715,0.0
38535,0.955,0.720,0.0
38536,0.955,0.725,0.0
38537,0.955,0.730,0.0
38538,0.955,0.735,0.0
38539,0.955,0.740,0.0
38540,0.955,0.745,0.0
38541,0.955,0.750,0.0
38542,0.955,0.755,0.0
38543,0.955,0.760,0.0
38544,0.955,0.765,0.0
38545,0.955,0.770,0.0
38546,0.955,0.775,0.0
38547,0.955,0.780,0.0
38548,0.955,0.785,0.0
38549,0.955,0.790,0.0
38550,0.955,0.795,0.0
38551,0.955,0.800,0.0
38552,0.955,0.805,0.0
38553,0.955,0.810,0.0
38554,0.955,0.815,0.0
38555,0.955,0.820,0.0
38556,0.955,0.825,0.0
38557,0.955,0.830,0.0
38558,0.955,0.835,0.0
38559,0.955,0.840,0.0
38560,0.955,0.845,0.0
38561,0.955,0.850,0.0
38562,0.955,0.855,0.0
38563,0.955,0.860,0.0
38564,0.955,0.865,0.0
38565,0.955,0.870,0.0
38566,0.955,0.875,0.0
38567,0.955,0.880,0.0
38568,0.955,0.885,0.0
38569,0.955,0.890,0.0
38570,0.955,0.895,0.0
38571,0.955,0.900,0.0
38572,0.955,0.905,0.0
38573,0.955,0.910,0.0
38574,0.955,0.915,0.0
38575,0.955,0.920,0.0
38576,0.955,0.925,0.0
38577,0.955,0.930,0.0
38578,0.955,0.935,0.0
38579,0.955,0.940,0.0
38580,0.955,0.945,0.0
38581,0.955,0.950,0.0
38582,0.955,0.955,0.0
38583,0.955,0.960,0.0
38584,0.955,0.965,0.0
38585,0.955,0.970,0.0
38586,0.955,0.975,0.0
38587,0.955,0.980,0.0
38588,0.955,0.985,0.0
38589,0.955,0.990,0.0
38590,0.955,0.995,0.0
38591,0.955,1.000,0.0
38714,0.960,0.610,0.0
38715,0.960,0.615,0.0
38716,0.960,0.620,0.0
38717,0.960,0.625,0.0
38718,0.960,0.630,0.0
38719,0.960,0.635,0.0
38720,0.960,0.640,0.0
38721,0.960,0.645,0.0
38722,0.960,0.650,0.0
38723,0.960,0.655,0.0
38724,0.960,0.660,0.0
38725,0.960,0.665,0.0
38726,0.960,0.670,0.0
38727,0.960,0.675,0.0
38728,0.960,0.680,0.0
38729,0.960,0.685,0.0
38730,0.960,0.690,0.0
38731,0.960,0.695,0.0
38732,0.960,0.700,0.0
38733,0.960,0.705,0.0
38734,0.960,0.710,0.0
38735,0.960,0.715,0.0
38736,0.960,0.720,0.0
38737,0.960,0.725,0.0
38738,0.960,0.730,0.0
38739,0.960,0.735,0.0
38740,0.960,0.740,0.0
38741,0.960,0.745,0.0
38742,0.960,0.750,0.0
38743,0.960,0.755,0.0
38744,0.960,0.760,0.0
38745,0.960,0.765,0.0
38746,0.960,0.770,0.0
38747,0.960,0.775,0.0
38748,0.960,0.780,0.0
38749,0.960,0.785,0.0
38750,0.960,0.790,0.0
38751,0.960,0.795,0.0
38752,0.960,0.800,0.0
38753,0.960,0.805,0.0
38754,0.960,0.810,0.0
38755,0.960,0.815,0.0
38756,0.960,0.820,0.0
38757,0.960,0.825,0.0
38758,0.960,0.830,0.0
38759,0.960,0.835,0.0
38760,0.960,0.840,0.0
38761,0.960,0.845,0.0
38762,0.960,0.850,0.0
38763,0.960,0.855,0.0
38764,0.960,0.860,0.0
38765,0.960,0.865,0.0
38766,0.960,0.870,0.0
38767,0.960,0.875,0.0
38768,0.960,0.880,0.0
38769,0.960,0.885,0.0
38770,0.960,0.890,0.0
38771,0.960,0.895,0.0
38772,0.960,0.900,0.0
38773,0.960,0.905,0.0
38774,0.960,0.910,0.0
38775,0.960,0.915,0.0
38776,0.960,0.920,0.0
38777,0.960,0.925,0.0
38778,0.960,0.930,0.0
38779,0.960,0.935,0.0
38780,0.960,0.940,0.0
38781,0.960,0.945,0.0
38782,0.960,0.950,0.0
38783,0.960,0.955,0.0
38784,0.960,0.960,0.0
38785,0.960,0.965,0.0
38786,0.960,0.970,0.0
38787,0.960,0.975,0.0
38788,0.960,0.980,0.0
38789,0.960,0.985,0.0
38790,0.960,0.990,0.0
38791,0.960,0.995,0.0
38792,0.960,1.000,0.0
38915,0.965,0.610,0.0
38916,0.965,0.615,0.0
38917,0.965,0.620,0.0
38918,0.965,0.625,0.0
38919,0.965,0.630,0.0
38920,0.965,0.635,0.0
38921,0.965,0.640,0.0
38922,0.965,0.645,0.0
38923,0.965,0.650,0.0
38924,0.965,0.655,0.0
38925,0.965,0.660,0.0
38926,0.965,0.665,0.0
38927,0.965,0.670,0.0
38928,0.965,0.675,0.0
38929,0.965,0.680,0.0
38930,0.965,0.685,0.0
38931,0.965,0.690,0.0
38932,0.965,0.695,0.0
38933,0.965,0.700,0.0
38934,0.965,0.705,0.0
38935,0.965,0.710,0.0
38936,0.965,0.715,0.0
38937,0.965,0.720,0.0
38938,0.965,0.725,0.0
38939,0.965,0.730,0.0
38940,0.965,0.735,0.0
38941,0.965,0.740,0.0
38942,0.965,0.745,0.0
38943,0.965,0.750,0.0
38944,0.965,0.755,0.0
38945,0.965,0.760,0.0
38946,0.965,0.765,0.0
38947,0.965,0.770,0.0
38948,0.965,0.775,0.0
38949,0.965,0.780,0.0
38950,0.965,0.785,0.0
38951,0.965,0.790,0.0
38952,0.965,0.795,0.0
38953,0.965,0.800,0.0
38954,0.965,0.805,0.0
38955,0.965,0.810,0.0
38956,0.965,0.815,0.0
38957,0.965,0.820,0.0
38958,0.965,0.825,0.0
38959,0.965,0.830,0.0
38960,0.965,0.835,0.0
38961,0.965,0.840,0.0
38962,0.965,0.845,0.0
38963,0.965,0.850,0.0
38964,0.965,0.855,0.0
38965,0.965,0.860,0.0
38966,0.965,0.865,0.0
38967,0.965,0.870,0.0
38968,0.965,0.875,0.0
38969,0.965,0.880,0.0
38970,0.965,0.885,0.0
38971,0.965,0.890,0.0
38972,0.965,0.895,0.0
38973,0.965,0.900,0.0
38974,0.965,0.905,0.0
38975,0.965,0.910,0.0
38976,0.965,0.915,0.0
38977,0.965,0.920,0.0
38978,0.965,0.925,0.0
38979,0.965,0.930,0.0
38980,0.965,0.935,0.0
38981,0.965,0.940,0.0
38982,0.965,0.945,0.0
38983,0.965,0.950,0.0
38984,0.965,0.955,0.0
38985,0.965,0.960,0.0
38986,0.965,0.965,0.0
38987,0.965,0.970,0.0
38988,0.965,0.975,0.0
38989,0.965,0.980,0.0
38990,0.965,0.985,0.0
38991,0.965,0.990,0.0
38992,0.965,0.995,0.0
38993,0.965,1.000,0.0
39115,0.970,0.605,0.0
39116,0.970,0.610,0.0
39117,0.970,0.615,0.0
39118,0.970,0.620,0.0
39119,0.970,0.625,0.0
39120,0.970,0.630,0.0
39121,0.970,0.635,0.0
39122,0.970,0.640,0.0
39123,0.970,0.645,0.0
39124,0.970,0.650,0.0
39125,0.970,0.655,0.0
39126,0.970,0.660,0.0
39127,0.970,0.665,0.0
39128,0.970,0.670,0.0
39129,0.970,0.675,0.0
39130,0.970,0.680,0.0
39131,0.970,0.685,0.0
39132,0.970,0.690,0.0
39133,0.970,0.695,0.0
39134,0.970,0.700,0.0
39135,0.970,0.705,0.0
39136,0.970,0.710,0.0
39137,0.970,0.715,0.0
39138,0.970,0.720,0.0
39139,0.970,0.725,0.0
39140,0.970,0.730,0.0
39141,0.970,0.735,0.0
39142,0.970,0.740,0.0
39143,0.970,0.745,0.0
39144,0.970,0.750,0.0
39145,0.970,0.755,0.0
39146,0.970,0.760,0.0
39147,0.970,0.765,0.0
39148,0.970,0.770,0.0
39149,0.970,0.775,0.0
39150,0.970,0.780,0.0
39151,0.970,0.785,0.0
39152,0.970,0.790,0.0
39153,0.970,0.795,0.0
39154,0.970,0.800,0.0
39155,0.970,0.805,0.0
39156,0.970,0.810,0.0
39157,0.970,0.815,0.0
39158,0.970,0.820,0.0
39159,0.970,0.825,0.0
39160,0.970,0.830,0.0
39161,0.970,0.835,0.0
39162,0.970,0.840,0.0
39163,0.970,0.845,0.0
39164,0.970,0.850,0.0
39165,0.970,0.855,0.0
39166,0.970,0.860,0.0
39167,0.970,0.865,0.0
39168,0.970,0.870,0.0
39169,0.970,0.875,0.0
39170,0.970,0.880,0.0
39171,0.970,0.885,0.0
39172,0.970,0.890,0.0
39173,0.970,0.895,0.0
39174,0.970,0.900,0.0
39175,0.970,0.905,0.0
39176,0.970,0.910,0.0
39177,0.970,0.915,0.0
39178,0.970,0.920,0.0
39179,0.970,0.925,0.0
39180,0.970,0.930,0.0
39181,0.970,0.935,0.0
39182,0.970,0.940,0.0
39183,0.970,0.945,0.0
39184,0.970,0.950,0.0
39185,0.970,0.955,0.0
39186,0.970,0.960,0.0
39187,0.970,0.965,0.0
39188,0.970,0.970,0.0
39189,0.970,0.975,0.0
39190,0.970,0.980,0.0
39191,0.970,0.985,0.0
39192,0.970,0.990,0.0
39193,0.970,0.995,0.0
39194,0.970,1.000,0.0
39316,0.975,0.605,0.0
39317,0.975,0.610,0.0
39318,0.975,0.615,0.0
39319,0.975,0.620,0.0
39320,0.975,0.625,0.0
39321,0.975,0.630,0.0
39322,0.975,0.635,0.0
39323,0.975,0.640,0.0
39324,0.975,0.645,0.0
39325,0.975,0.650,0.0
39326,0.975,0.655,0.0
39327,0.975,0.660,0.0
39328,0.975,0.665,0.0
39329,0.975,0.670,0.0
39330,0.975,0.675,0.0
39331,0.975,0.680,0.0
39332,0.975,0.685,0.0
39333,0.975,0.690,0.0
39334,0.975,0.695,0.0
39335,0.975,0.700,0.0
39336,0.975,0.705,0.0
39337,0.975,0.710,0.0
39338,0.975,0.715,0.0
39339,0.975,0.720,0.0
39340,0.975,0.725,0.0
39341,0.975,0.730,0.0
39342,0.975,0.735,0.0
39343,0.975,0.740,0.0
39344,0.975,0.745,0.0
39345,0.975,0.750,0.0
39346,0.975,0.755,0.0
39347,0.975,0.760,0.0
39348,0.975,0.765,0.0
39349,0.975,0.770,0.0
39350,0.975,0.775,0.0
39351,0.975,0.780,0.0
39352,0.975,0.785,0.0
39353,0.975,0.790,0.0
39354,0.975,0.795,0.0
39355,0.975,0.800,0.0
39356,0.975,0.805,0.0
39357,0.975,0.810,0.0
39358,0.975,0.815,0.0
39359,0.975,0.820,0.0
39360,0.975,0.825,0.0
39361,0.975,0.830,0.0
39362,0.975,0.835,0.0
39363,0.975,0.840,0.0
39364,0.975,0.845,0.0
39365,0.975,0.850,0.0
39366,0.975,0.855,0.0
39367,0.975,0.860,0.0
39368,0.975,0.865,0.0
39369,0.975,0.870,0.0
39370,0.975,0.875,0.0
39371,0.975,0.880,0.0
39372,0.975,0.885,0.0
39373,0.975,0.890,0.0
39374,0.975,0.895,0.0
39375,0.975,0.900,0.0
39376,0.975,0.905,0.0
39377,0.975,0.910,0.0
39378,0.975,0.915,0.0
39379,0.975,0.920,0.0
39380,0.975,0.925,0.0
39381,0.975,0.930,0.0
39382,0.975,0.935,0.0
39383,0.975,0.940,0.0
39384,0.975,0.945,0.0
39385,0.975,0.950,0.0
39386,0.975,0.955,0.0
39387,0.975,0.960,0.0
39388,0.975,0.965,0.0
39389,0.975,0.970,0.0
39390,0.975,0.975,0.0
39391,0.975,0.980,0.0
39392,0.975,0.985,0.0
39393,0.975,0.990,0.0
39394,0.975,0.995,0.0
39395,0.975,1.000,0.0
39517,0.980,0.605,0.0
39518,0.980,0.610,0.0
39519,0.980,0.615,0.0
39520,0.980,0.620,0.0
39521,0.980,0.625,0.0
39522,0.980,0.630,0.0
39523,0.980,0.635,0.0
39524,0.980,0.640,0.0
39525,0.980,0.645,0.0
39526,0.980,0.650,0.0
39527,0.980,0.655,0.0
39528,0.980,0.660,0.0
39529,0.980,0.665,0.0
39530,0.980,0.670,0.0
39531,0.980,0.675,0.0
39532,0.980,0.680,0.0
39533,0.980,0.685,0.0
39534,0.980,0.690,0.0
39535,0.980,0.695,0.0
39536,0.980,0.700,0.0
39537,0.980,0.705,0.0
39538,0.980,0.710,0.0
39539,0.980,0.715,0.0
39540,0.980,0.720,0.0
39541,0.980,0.725,0.0
39542,0.980,0.730,0.0
39543,0.980,0.735,0.0
39544,0.980,0.740,0.0
39545,0.980,0.745,0.0
39546,0.980,0.750,0.0
39547,0.980,0.755,0.0
39548,0.980,0.760,0.0
39549,0.980,0.765,0.0
39550,0.980,0.770,0.0
39551,0.980,0.775,0.0
39552,0.980,0.780,0.0
39553,0.980,0.785,0.0
39554,0.980,0.790,0.0
39555,0.980,0.795,0.0
39556,0.980,0.800,0.0
39557,0.980,0.805,0.0
39558,0.980,0.810,0.0
39559,0.980,0.815,0.0
39560,0.980,0.820,0.0
39561,0.980,0.825,0.0
39562,0.980,0.830,0.0
39563,0.980,0.835,0.0
39564,0.980,0.840,0.0
39565,0.980,0.845,0.0
39566,0.980,0.850,0.0
39567,0.980,0.855,0.0
39568,0.980,0.860,0.0
39569,0.980,0.865,0.0
39570,0.980,0.870,0.0
39571,0.980,0.875,0.0
39572,0.980,0.880,0.0
39573,0.980,0.885,0.0
39574,0.980,0.890,0.0
39575,0.980,0.895,0.0
39576,0.980,0.900,0.0
39577,0.980,0.905,0.0
39578,0.980,0.910,0.0
39579,0.980,0.915,0.0
39580,0.980,0.920,0.0
39581,0.980,0.925,0.0
39582,0.980,0.930,0.0
39583,0.980,0.935,0.0
39584,0.980,0.940,0.0
39585,0.980,0.945,0.0
39586,0.980,0.950,0.0
39587,0.980,0.955,0.0
39588,0.980,0.960,0.0
39589,0.980,0.965,0.0
39590,0.980,0.970,0.0
39591,0.980,0.975,0.0
39592,0.980,0.980,0.0
39593,0.980,0.985,0.0
39594,0.980,0.990,0.0
39595,0.980,0.995,0.0
39596,0.980,1.000,0.0
39718,0.985,0.605,0.0
39719,0.985,0.610,0.0
39720,0.985,0.615,0.0
39721,0.985,0.620,0.0
39722,0.985,0.625,0.0
39723,0.985,0.630,0.0
39724,0.985,0.635,0.0
39725,0.985,0.640,0.0
39726,0.985,0.645,0.0
39727,0.985,0.650,0.0
39728,0.985,0.655,0.0
39729,0.985,0.660,0.0
39730,0.985,0.665,0.0
39731,0.985,0.670,0.0
39732,0.985,0.675,0.0
39733,0.985,0.680,0.0
39734,0.985,0.685,0.0
39735,0.985,0.690,0.0
39736,0.985,0.695,0.0
39737,0.985,0.700,0.0
39738,0.985,0.705,0.0
39739,0.985,0.710,0.0
39740,0.985,0.715,0.0
39741,0.985,0.720,0.0
39742,0.985,0.725,0.0
39743,0.985,0.730,0.0
39744,0.985,0.735,0.0
39745,0.985,0.740,0.0
39746,0.985,0.745,0.0
39747,0.985,0.750,0.0
39748,0.985,0.755,0.0
39749,0.985,0.760,0.0
39750,0.985,0.765,0.0
39751,0.985,0.770,0.0
39752,0.985,0.775,0.0
39753,0.985,0.780,0.0
39754,0.985,0.785,0.0
39755,0.985,0.790,0.0
39756,0.985,0.795,0.0
39757,0.985,0.800,0.0
39758,0.985,0.805,0.0
39759,0.985,0.810,0.0
39760,0.985,0.815,0.0
39761,0.985,0.820,0.0
39762,0.985,0.825,0.0
39763,0.985,0.830,0.0
39764,0.985,0.835,0.0
39765,0.985,0.840,0.0
39766,0.985,0.845,0.0
39767,0.985,0.850,0.0
39768,0.985,0.855,0.0
39769,0.985,0.860,0.0
39770,0.985,0.865,0.0
39771,0.985,0.870,0.0
39772,0.985,0.875,0.0
39773,0.985,0.880,0.0
39774,0.985,0.885,0.0
39775,0.985,0.890,0.0
39776,0.985,0.895,0.0
39777,0.985,0.900,0.0
39778,0.985,0.905,0.0
39779,0.985,0.910,0.0
39780,0.985,0.915,0.0
39781,0.985,0.920,0.0
39782,0.985,0.925,0.0
39783,0.985,0.930,0.0
39784,0.985,0.935,0.0
39785,0.985,0.940,0.0
39786,0.985,0.945,0.0
39787,0.985,0.950,0.0
39788,0.985,0.955,0.0
39789,0.985,0.960,0.0
39790,0.985,0.965,0.0
39791,0.985,0.970,0.0
39792,0.985,0.975,0.0
39793,0.985,0.980,0.0
39794,0.985,0.985,0.0
39795,0.985,0.990,0.0
39796,0.985,0.995,0.0
39797,0.985,1.000,0.0
39919,0.990,0.605,0.0
39920,0.990,0.610,0.0
39921,0.990,0.615,0.0
39922,0.990,0.620,0.0
39923,0.990,0.625,0.0
39924,0.990,0.630,0.0
39925,0.990,0.635,0.0
39926,0.990,0.640,0.0
39927,0.990,0.645,0.0
39928,0.990,0.650,0.0
39929,0.990,0.655,0.0
39930,0.990,0.660,0.0
39931,0.990,0.665,0.0
39932,0.990,0.670,0.0
39933,0.990,0.675,0.0
39934,0.990,0.680,0.0
39935,0.990,0.685,0.0
39936,0.990,0.690,0.0
39937,0.990,0.695,0.0
39938,0.990,0.700,0.0
39939,0.990,0.705,0.0
39940,0.990,0.710,0.0
39941,0.990,0.715,0.0
39942,0.990,0.720,0.0
39943,0.990,0.725,0.0
39944,0.990,0.730,0.0
39945,0.990,0.735,0.0
39946,0.990,0.740,0.0
39947,0.990,0.745,0.0
39948,0.990,0.750,0.0
39949,0.990,0.755,0.0
39950,0.990,0.760,0.0
39951,0.990,0.765,0.0
39952,0.990,0.770,0.0
39953,0.990,0.775,0.0
39954,0.990,0.780,0.0
39955,0.990,0.785,0.0
39956,0.990,0.790,0.0
39957,0.990,0.795,0.0
39958,0.990,0.800,0.0
39959,0.990,0.805,0.0
39960,0.990,0.810,0.0
39961,0.990,0.815,0.0
39962,0.990,0.820,0.0
39963,0.990,0.825,0.0
39964,0.990,0.830,0.0
39965,0.990,0.835,0.0
39966,0.990,0.840,0.0
39967,0.990,0.845,0.0
39968,0.990,0.850,0.0
39969,0.990,0.855,0.0
39970,0.990,0.860,0.0
39971,0.990,0.865,0.0
39972,0.990,0.870,0.0
39973,0.990,0.875,0.0
39974,0.990,0.880,0.0
39975,0.990,0.885,0.0
39976,0.990,0.890,0.0
39977,0.990,0.895,0.0
39978,0.990,0.900,0.0
39979,0.990,0.905,0.0
39980,0.990,0.910,0.0
39981,0.990,0.915,0.0
39982,0.990,0.920,0.0
39983,0.990,0.925,0.0
39984,0.990,0.930,0.0
39985,0.990,0.935,0.0
39986,0.990,0.940,0.0
39987,0.990,0.945,0.0
39988,0.990,0.950,0.0
39989,0.990,0.955,0.0
39990,0.990,0.960,0.0
39991,0.990,0.965,0.0
39992,0.990,0.970,0.0
39993,0.990,0.975,0.0
39994,0.990,0.980,0.0
39995,0.990,0.985,0.0
39996,0.990,0.990,0.0
39997,0.990,0.995,0.0
39998,0.990,1.000,0.0
40120,0.995,0.605,0.0
40121,0.995,0.610,0.0
40122,0.995,0.615,0.0
40123,0.995,0.620,0.0
40124,0.995,0.625,0.0
40125,0.995,0.630,0.0
40126,0.995,0.635,0.0
40127,0.995,0.640,0.0
40128,0.995,0.645,0.0
40129,0.995,0.650,0.0
40130,0.995,0.655,0.0
40131,0.995,0.660,0.0
40132,0.995,0.665,0.0
40133,0.995,0.670,0.0
40134,0.995,0.675,0.0
40135,0.995,0.680,0.0
40136,0.995,0.685,0.0
40137,0.995,0.690,0.0
40138,0.995,0.695,0.0
40139,0.995,0.700,0.0
40140,0.995,0.705,0.0
40141,0.995,0.710,0.0
40142,0.995,0.715,0.0
40143,0.995,0.720,0.0
40144,0.995,0.725,0.0
40145,0.995,0.730,0.0
40146,0.995,0.735,0.0
40147,0.995,0.740,0.0
40148,0.995,0.745,0.0
40149,0.995,0.750,0.0
40150,0.995,0.755,0.0
40151,0.995,0.760,0.0
40152,0.995,0.765,0.0
40153,0.995,0.770,0.0
40154,0.995,0.775,0.0
40155,0.995,0.780,0.0
40156,0.995,0.785,0.0
40157,0.995,0.790,0.0
40158,0.995,0.795,0.0
40159,0.995,0.800,0.0
40160,0.995,0.805,0.0
40161,0.995,0.810,0.0
40162,0.995,0.815,0.0
40163,0.995,0.820,0.0
40164,0.995,0.825,0.0
40165,0.995,0.830,0.0
40166,0.995,0.835,0.0
40167,0.995,0.840,0.0
40168,0.995,0.845,0.0
40169,0.995,0.850,0.0
40170,0.995,0.855,0.0
40171,0.995,0.860,0.0
40172,0.995,0.865,0.0
40173,0.995,0.870,0.0
40174,0.995,0.875,0.0
40175,0.995,0.880,0.0
40176,0.995,0.885,0.0
40177,0.995,0.890,0.0
40178,0.995,0.895,0.0
40179,0.995,0.900,0.0
40180,0.995,0.905,0.0
40181,0.995,0.910,0.0
40182,0.995,0.915,0.0
40183,0.995,0.920,0.0
40184,0.995,0.925,0.0
40185,0.995,0.930,0.0
40186,0.995,0.935,0.0
40187,0.995,0.940,0.0
40188,0.995,0.945,0.0
40189,0.995,0.950,0.0
40190,0.995,0.955,0.0
40191,0.995,0.960,0.0
40192,0.995,0.965,0.0
40193,0.995,0.970,0.0
40194,0.995,0.975,0.0
40195,0.995,0.980,0.0
40196,0.995,0.985,0.0
40197,0.995,0.990,0.0
40198,0.995,0.995,0.0
40199,0.995,1.000,0.0
40321,1.000,0.605,0.0
40322,1.000,0.610,0.0
40323,1.000,0.615,0.0
40324,1.000,0.620,0.0
40325,1.000,0.625,0.0
40326,1.000,0.630,0.0
40327,1.000,0.635,0.0
40328,1.000,0.640,0.0
40329,1.000,0.645,0.0
40330,1.000,0.650,0.0
40331,1.000,0.655,0.0
40332,1.000,0.660,0.0
40333,1.000,0.665,0.0
40334,1.000,0.670,0.0
40335,1.000,0.675,0.0
40336,1.000,0.680,0.0
40337,1.000,0.685,0.0
40338,1.000,0.690,0.0
40339,1.000,0.695,0.0
40340,1.000,0.700,0.0
40341,1.000,0.705,0.0
40342,1.000,0.710,0.0
40343,1.000,0.715,0.0
40344,1.000,0.720,0.0
40345,1.000,0.725,0.0
40346,1.000,0.730,0.0
40347,1.000,0.735,0.0
40348,1.000,0.740,0.0
40349,1.000,0.745,0.0
40350,1.000,0.750,0.0
40351,1.000,0.755,0.0
40352,1.000,0.760,0.0
40353,1.000,0.765,0.0
40354,1.000,0.770,0.0
40355,1.000,0.775,0.0
40356,1.000,0.780,0.0
40357,1.000,0.785,0.0
40358,1.000,0.790,0.0
40359,1.000,0.795,0.0
40360,1.000,0.800,0.0
40361,1.000,0.805,0.0
40362,1.000,0.810,0.0
40363,1.000,0.815,0.0
40364,1.000,0.820,0.0
40365,1.000,0.825,0.0
40366,1.000,0.830,0.0
40367,1.000,0.835,0.0
40368,1.000,0.840,0.0
40369,1.000,0.845,0.0
40370,1.000,0.850,0.0
40371,1.000,0.855,0.0
40372,1.000,0.860,0.0
40373,1.000,0.865,0.0
40374,1.000,0.870,0.0
40375,1.000,0.875,0.0
40376,1.000,0.880,0.0
40377,1.000,0.885,0.0
40378,1.000,0.890,0.0
40379,1.000,0.895,0.0
40380,1.000,0.900,0.0
40381,1.000,0.905,0.0
40382,1.000,0.910,0.0
40383,1.000,0.915,0.0
40384,1.000,0.920,0.0
40385,1.000,0.925,0.0
40386,1.000,0.930,0.0
40387,1.000,0.935,0.0
40388,1.000,0.940,0.0
40389,1.000,0.945,0.0
40390,1.000,0.950,0.0
40391,1.000,0.955,0.0
40392,1.000,0.960,0.0
40393,1.000,0.965,0.0
40394,1.000,0.970,0.0
40395,1.000,0.975,0.0
40396,1.000,0.980,0.0
40397,1.000,0.985,0.0
40398,1.000,0.990,0.0
40399,1.000,0.995,0.0
40400,1.000,1.000,0.0
